{
  "MD5Transform": "MD5Transform.json",
  "MD5_Final": "MD5_Final.json",
  "MD5_Init": "MD5_Init.json",
  "MD5_Update": "MD5_Update.json",
  "__CPROVER_initialize": "__CPROVER_initialize.json",
  "blk0": "blk0.json",
  "byteReverse": "byteReverse.json",
  "c_itoa": "c_itoa.json",
  "c_snprintf": "c_snprintf.json",
  "c_strnlen": "c_strnlen.json",
  "c_strnstr": "c_strnstr.json",
  "c_vsnprintf": "c_vsnprintf.json",
  "capture_len": "capture_len.json",
  "capture_ptr": "capture_ptr.json",
  "compare": "compare.json",
  "cs_base64_decode": "cs_base64_decode.json",
  "cs_base64_emit_chunk": "cs_base64_emit_chunk.json",
  "cs_base64_emit_code": "cs_base64_emit_code.json",
  "cs_base64_encode": "cs_base64_encode.json",
  "cs_base64_finish": "cs_base64_finish.json",
  "cs_base64_init": "cs_base64_init.json",
  "cs_base64_update": "cs_base64_update.json",
  "cs_fprint_base64": "cs_fprint_base64.json",
  "cs_hmac_sha1": "cs_hmac_sha1.json",
  "cs_log_print_prefix": "cs_log_print_prefix.json",
  "cs_log_printf": "cs_log_printf.json",
  "cs_log_set_file": "cs_log_set_file.json",
  "cs_log_set_level": "cs_log_set_level.json",
  "cs_md5": "cs_md5.json",
  "cs_sha1_final": "cs_sha1_final.json",
  "cs_sha1_init": "cs_sha1_init.json",
  "cs_sha1_transform": "cs_sha1_transform.json",
  "cs_sha1_update": "cs_sha1_update.json",
  "cs_time": "cs_time.json",
  "cs_to_hex": "cs_to_hex.json",
  "cur": "cur.json",
  "dns_handler": "dns_handler.json",
  "do_ssi_exec": "do_ssi_exec.json",
  "doit": "doit.json",
  "expect": "expect.json",
  "find_json_token": "find_json_token.json",
  "from_b64": "from_b64.json",
  "get_escape_len": "get_escape_len.json",
  "get_utf8_char_len": "get_utf8_char_len.json",
  "is_alpha": "is_alpha.json",
  "is_digit": "is_digit.json",
  "is_hex_digit": "is_hex_digit.json",
  "is_space": "is_space.json",
  "isbyte": "isbyte.json",
  "json_emit": "json_emit.json",
  "json_emit_double": "json_emit_double.json",
  "json_emit_long": "json_emit_long.json",
  "json_emit_quoted_str": "json_emit_quoted_str.json",
  "json_emit_unquoted_str": "json_emit_unquoted_str.json",
  "json_emit_va": "json_emit_va.json",
  "left": "left.json",
  "lowercase": "lowercase.json",
  "mbuf_append": "mbuf_append.json",
  "mbuf_free": "mbuf_free.json",
  "mbuf_init": "mbuf_init.json",
  "mbuf_insert": "mbuf_insert.json",
  "mbuf_remove": "mbuf_remove.json",
  "mbuf_resize": "mbuf_resize.json",
  "mbuf_trim": "mbuf_trim.json",
  "mg_accept_conn": "mg_accept_conn.json",
  "mg_add_conn": "mg_add_conn.json",
  "mg_add_sock": "mg_add_sock.json",
  "mg_add_sock_opt": "mg_add_sock_opt.json",
  "mg_add_to_set": "mg_add_to_set.json",
  "mg_addenv": "mg_addenv.json",
  "mg_addenv2": "mg_addenv2.json",
  "mg_avprintf": "mg_avprintf.json",
  "mg_base64_decode": "mg_base64_decode.json",
  "mg_base64_encode": "mg_base64_encode.json",
  "mg_bind": "mg_bind.json",
  "mg_bind_opt": "mg_bind_opt.json",
  "mg_broadcast": "mg_broadcast.json",
  "mg_call": "mg_call.json",
  "mg_casecmp": "mg_casecmp.json",
  "mg_cgi_ev_handler": "mg_cgi_ev_handler.json",
  "mg_check_ip_acl": "mg_check_ip_acl.json",
  "mg_check_nonce": "mg_check_nonce.json",
  "mg_close_conn": "mg_close_conn.json",
  "mg_conn_addr_to_str": "mg_conn_addr_to_str.json",
  "mg_connect": "mg_connect.json",
  "mg_connect_http": "mg_connect_http.json",
  "mg_connect_http_base": "mg_connect_http_base.json",
  "mg_connect_http_opt": "mg_connect_http_opt.json",
  "mg_connect_opt": "mg_connect_opt.json",
  "mg_connect_ws": "mg_connect_ws.json",
  "mg_connect_ws_opt": "mg_connect_ws_opt.json",
  "mg_create_connection": "mg_create_connection.json",
  "mg_create_connection_base": "mg_create_connection_base.json",
  "mg_create_itermediate_directories": "mg_create_itermediate_directories.json",
  "mg_deliver_websocket_data": "mg_deliver_websocket_data.json",
  "mg_destroy_conn": "mg_destroy_conn.json",
  "mg_dns_copy_questions": "mg_dns_copy_questions.json",
  "mg_dns_encode_name": "mg_dns_encode_name.json",
  "mg_dns_encode_record": "mg_dns_encode_record.json",
  "mg_dns_insert_header": "mg_dns_insert_header.json",
  "mg_dns_next_record": "mg_dns_next_record.json",
  "mg_dns_parse_record_data": "mg_dns_parse_record_data.json",
  "mg_dns_uncompress_name": "mg_dns_uncompress_name.json",
  "mg_do_connect": "mg_do_connect.json",
  "mg_do_ssi_call": "mg_do_ssi_call.json",
  "mg_do_ssi_include": "mg_do_ssi_include.json",
  "mg_escape": "mg_escape.json",
  "mg_ev_mgr_add_conn": "mg_ev_mgr_add_conn.json",
  "mg_ev_mgr_free": "mg_ev_mgr_free.json",
  "mg_ev_mgr_init": "mg_ev_mgr_init.json",
  "mg_ev_mgr_remove_conn": "mg_ev_mgr_remove_conn.json",
  "mg_find_index_file": "mg_find_index_file.json",
  "mg_fopen": "mg_fopen.json",
  "mg_forward": "mg_forward.json",
  "mg_get_http_header": "mg_get_http_header.json",
  "mg_get_http_var": "mg_get_http_var.json",
  "mg_get_ip_address_of_nameserver": "mg_get_ip_address_of_nameserver.json",
  "mg_get_line_len": "mg_get_line_len.json",
  "mg_get_mime_type": "mg_get_mime_type.json",
  "mg_get_month_index": "mg_get_month_index.json",
  "mg_gmt_time_string": "mg_gmt_time_string.json",
  "mg_handle_cgi": "mg_handle_cgi.json",
  "mg_handle_chunked": "mg_handle_chunked.json",
  "mg_handle_delete": "mg_handle_delete.json",
  "mg_handle_incoming_websocket_frame": "mg_handle_incoming_websocket_frame.json",
  "mg_handle_mkcol": "mg_handle_mkcol.json",
  "mg_handle_move": "mg_handle_move.json",
  "mg_handle_propfind": "mg_handle_propfind.json",
  "mg_handle_put": "mg_handle_put.json",
  "mg_handle_ssi_request": "mg_handle_ssi_request.json",
  "mg_handle_tcp_read": "mg_handle_tcp_read.json",
  "mg_handle_udp_read": "mg_handle_udp_read.json",
  "mg_hexdump": "mg_hexdump.json",
  "mg_hexdump_connection": "mg_hexdump_connection.json",
  "mg_http_call_endpoint_handler": "mg_http_call_endpoint_handler.json",
  "mg_http_check_digest_auth": "mg_http_check_digest_auth.json",
  "mg_http_common_url_parse": "mg_http_common_url_parse.json",
  "mg_http_conn_destructor": "mg_http_conn_destructor.json",
  "mg_http_construct_etag": "mg_http_construct_etag.json",
  "mg_http_create_digest_auth_header": "mg_http_create_digest_auth_header.json",
  "mg_http_free_proto_data_cgi": "mg_http_free_proto_data_cgi.json",
  "mg_http_free_proto_data_endpoints": "mg_http_free_proto_data_endpoints.json",
  "mg_http_free_proto_data_file": "mg_http_free_proto_data_file.json",
  "mg_http_get_endpoint_handler": "mg_http_get_endpoint_handler.json",
  "mg_http_get_proto_data": "mg_http_get_proto_data.json",
  "mg_http_get_request_len": "mg_http_get_request_len.json",
  "mg_http_handler": "mg_http_handler.json",
  "mg_http_parse_chunk": "mg_http_parse_chunk.json",
  "mg_http_parse_header": "mg_http_parse_header.json",
  "mg_http_parse_headers": "mg_http_parse_headers.json",
  "mg_http_parse_range_header": "mg_http_parse_range_header.json",
  "mg_http_send_digest_auth_request": "mg_http_send_digest_auth_request.json",
  "mg_http_send_error": "mg_http_send_error.json",
  "mg_http_send_file2": "mg_http_send_file2.json",
  "mg_http_send_options": "mg_http_send_options.json",
  "mg_http_send_port_based_redirect": "mg_http_send_port_based_redirect.json",
  "mg_http_transfer_file_data": "mg_http_transfer_file_data.json",
  "mg_if_accept_new_conn": "mg_if_accept_new_conn.json",
  "mg_if_accept_tcp_cb": "mg_if_accept_tcp_cb.json",
  "mg_if_connect_cb": "mg_if_connect_cb.json",
  "mg_if_connect_tcp": "mg_if_connect_tcp.json",
  "mg_if_connect_udp": "mg_if_connect_udp.json",
  "mg_if_create_conn": "mg_if_create_conn.json",
  "mg_if_destroy_conn": "mg_if_destroy_conn.json",
  "mg_if_get_conn_addr": "mg_if_get_conn_addr.json",
  "mg_if_listen_tcp": "mg_if_listen_tcp.json",
  "mg_if_listen_udp": "mg_if_listen_udp.json",
  "mg_if_poll": "mg_if_poll.json",
  "mg_if_recv_tcp_cb": "mg_if_recv_tcp_cb.json",
  "mg_if_recv_udp_cb": "mg_if_recv_udp_cb.json",
  "mg_if_recved": "mg_if_recved.json",
  "mg_if_sent_cb": "mg_if_sent_cb.json",
  "mg_if_tcp_send": "mg_if_tcp_send.json",
  "mg_if_timer": "mg_if_timer.json",
  "mg_if_udp_send": "mg_if_udp_send.json",
  "mg_is_authorized": "mg_is_authorized.json",
  "mg_is_big_endian": "mg_is_big_endian.json",
  "mg_is_creation_request": "mg_is_creation_request.json",
  "mg_is_dav_request": "mg_is_dav_request.json",
  "mg_is_error": "mg_is_error.json",
  "mg_is_file_hidden": "mg_is_file_hidden.json",
  "mg_is_not_modified": "mg_is_not_modified.json",
  "mg_is_ws_first_fragment": "mg_is_ws_first_fragment.json",
  "mg_is_ws_fragment": "mg_is_ws_fragment.json",
  "mg_match_prefix": "mg_match_prefix.json",
  "mg_match_prefix_n": "mg_match_prefix_n.json",
  "mg_mgr_free": "mg_mgr_free.json",
  "mg_mgr_handle_conn": "mg_mgr_handle_conn.json",
  "mg_mgr_handle_ctl_sock": "mg_mgr_handle_ctl_sock.json",
  "mg_mgr_init": "mg_mgr_init.json",
  "mg_mgr_poll": "mg_mgr_poll.json",
  "mg_mk_str": "mg_mk_str.json",
  "mg_mkdir": "mg_mkdir.json",
  "mg_mkmd5resp": "mg_mkmd5resp.json",
  "mg_mqtt_connack": "mg_mqtt_connack.json",
  "mg_mqtt_disconnect": "mg_mqtt_disconnect.json",
  "mg_mqtt_next_subscribe_topic": "mg_mqtt_next_subscribe_topic.json",
  "mg_mqtt_ping": "mg_mqtt_ping.json",
  "mg_mqtt_pong": "mg_mqtt_pong.json",
  "mg_mqtt_prepend_header": "mg_mqtt_prepend_header.json",
  "mg_mqtt_puback": "mg_mqtt_puback.json",
  "mg_mqtt_pubcomp": "mg_mqtt_pubcomp.json",
  "mg_mqtt_publish": "mg_mqtt_publish.json",
  "mg_mqtt_pubrec": "mg_mqtt_pubrec.json",
  "mg_mqtt_pubrel": "mg_mqtt_pubrel.json",
  "mg_mqtt_suback": "mg_mqtt_suback.json",
  "mg_mqtt_subscribe": "mg_mqtt_subscribe.json",
  "mg_mqtt_unsuback": "mg_mqtt_unsuback.json",
  "mg_mqtt_unsubscribe": "mg_mqtt_unsubscribe.json",
  "mg_ncasecmp": "mg_ncasecmp.json",
  "mg_next": "mg_next.json",
  "mg_next_comma_list_entry": "mg_next_comma_list_entry.json",
  "mg_normalize_uri_path": "mg_normalize_uri_path.json",
  "mg_num_leap_years": "mg_num_leap_years.json",
  "mg_open": "mg_open.json",
  "mg_open_listening_socket": "mg_open_listening_socket.json",
  "mg_parse_address": "mg_parse_address.json",
  "mg_parse_date_string": "mg_parse_date_string.json",
  "mg_parse_dns": "mg_parse_dns.json",
  "mg_parse_dns_resource_record": "mg_parse_dns_resource_record.json",
  "mg_parse_http": "mg_parse_http.json",
  "mg_parse_multipart": "mg_parse_multipart.json",
  "mg_parse_uri": "mg_parse_uri.json",
  "mg_prepare_cgi_environment": "mg_prepare_cgi_environment.json",
  "mg_print_dir_entry": "mg_print_dir_entry.json",
  "mg_print_props": "mg_print_props.json",
  "mg_printf": "mg_printf.json",
  "mg_printf_html_escape": "mg_printf_html_escape.json",
  "mg_printf_http_chunk": "mg_printf_http_chunk.json",
  "mg_printf_websocket_frame": "mg_printf_websocket_frame.json",
  "mg_recv_common": "mg_recv_common.json",
  "mg_recvfrom": "mg_recvfrom.json",
  "mg_register_http_endpoint": "mg_register_http_endpoint.json",
  "mg_remove_conn": "mg_remove_conn.json",
  "mg_remove_directory": "mg_remove_directory.json",
  "mg_resolve": "mg_resolve.json",
  "mg_resolve2": "mg_resolve2.json",
  "mg_resolve_async": "mg_resolve_async.json",
  "mg_resolve_async_eh": "mg_resolve_async_eh.json",
  "mg_resolve_async_opt": "mg_resolve_async_opt.json",
  "mg_resolve_from_hosts_file": "mg_resolve_from_hosts_file.json",
  "mg_rpc_create_error": "mg_rpc_create_error.json",
  "mg_rpc_create_reply": "mg_rpc_create_reply.json",
  "mg_rpc_create_request": "mg_rpc_create_request.json",
  "mg_rpc_create_std_error": "mg_rpc_create_std_error.json",
  "mg_rpc_dispatch": "mg_rpc_dispatch.json",
  "mg_rpc_parse_reply": "mg_rpc_parse_reply.json",
  "mg_scan_directory": "mg_scan_directory.json",
  "mg_send": "mg_send.json",
  "mg_send_directory_listing": "mg_send_directory_listing.json",
  "mg_send_dns_query": "mg_send_dns_query.json",
  "mg_send_file_data": "mg_send_file_data.json",
  "mg_send_head": "mg_send_head.json",
  "mg_send_http_chunk": "mg_send_http_chunk.json",
  "mg_send_http_file": "mg_send_http_file.json",
  "mg_send_mqtt_handshake": "mg_send_mqtt_handshake.json",
  "mg_send_mqtt_handshake_opt": "mg_send_mqtt_handshake_opt.json",
  "mg_send_mqtt_short_command": "mg_send_mqtt_short_command.json",
  "mg_send_response_line": "mg_send_response_line.json",
  "mg_send_ssi_file": "mg_send_ssi_file.json",
  "mg_send_websocket_frame": "mg_send_websocket_frame.json",
  "mg_send_websocket_framev": "mg_send_websocket_framev.json",
  "mg_send_websocket_handshake": "mg_send_websocket_handshake.json",
  "mg_send_websocket_handshake2": "mg_send_websocket_handshake2.json",
  "mg_send_ws_header": "mg_send_ws_header.json",
  "mg_serve_http": "mg_serve_http.json",
  "mg_set_close_on_exec": "mg_set_close_on_exec.json",
  "mg_set_non_blocking_mode": "mg_set_non_blocking_mode.json",
  "mg_set_protocol_dns": "mg_set_protocol_dns.json",
  "mg_set_protocol_http_websocket": "mg_set_protocol_http_websocket.json",
  "mg_set_protocol_mqtt": "mg_set_protocol_mqtt.json",
  "mg_set_timer": "mg_set_timer.json",
  "mg_skip": "mg_skip.json",
  "mg_sock_addr_to_str": "mg_sock_addr_to_str.json",
  "mg_sock_get_addr": "mg_sock_get_addr.json",
  "mg_sock_set": "mg_sock_set.json",
  "mg_sock_to_str": "mg_sock_to_str.json",
  "mg_socketpair": "mg_socketpair.json",
  "mg_start_process": "mg_start_process.json",
  "mg_stat": "mg_stat.json",
  "mg_time": "mg_time.json",
  "mg_uri_to_local_path": "mg_uri_to_local_path.json",
  "mg_url_decode": "mg_url_decode.json",
  "mg_url_encode": "mg_url_encode.json",
  "mg_vcasecmp": "mg_vcasecmp.json",
  "mg_vcmp": "mg_vcmp.json",
  "mg_vprintf": "mg_vprintf.json",
  "mg_websocket_handler": "mg_websocket_handler.json",
  "mg_write_to_socket": "mg_write_to_socket.json",
  "mg_ws_handshake": "mg_ws_handshake.json",
  "mg_ws_mask_frame": "mg_ws_mask_frame.json",
  "mg_ws_random_mask": "mg_ws_random_mask.json",
  "mqtt_handler": "mqtt_handler.json",
  "parse_array": "parse_array.json",
  "parse_identifier": "parse_identifier.json",
  "parse_json": "parse_json.json",
  "parse_json2": "parse_json2.json",
  "parse_key": "parse_key.json",
  "parse_mqtt": "parse_mqtt.json",
  "parse_net": "parse_net.json",
  "parse_number": "parse_number.json",
  "parse_object": "parse_object.json",
  "parse_pair": "parse_pair.json",
  "parse_string": "parse_string.json",
  "parse_uri_component": "parse_uri_component.json",
  "parse_value": "parse_value.json",
  "path_part_len": "path_part_len.json",
  "recv_avail_size": "recv_avail_size.json",
  "resolve_cb": "resolve_cb.json",
  "skip_whitespaces": "skip_whitespaces.json",
  "test_and_skip": "test_and_skip.json",
  "test_no_skip": "test_no_skip.json"
}