{
  "assigns": [
    {
      "lhs_basename": "external_objects",
      "lhs_fieldname": ".b64_putc",
      "rhs": {
        "comments": {
          "#lva_mode": {
            "comments": {},
            "id": "0",
            "named_subs": {},
            "subs": [ ]
          }
        },
        "id": "external-value-set",
        "named_subs": {
          "modified": {
            "comments": {},
            "id": "1",
            "named_subs": {},
            "subs": [ ]
          },
          "type": {
            "comments": {
              "#source_location": {
                "comments": {},
                "id": "",
                "named_subs": {
                  "file": {
                    "comments": {},
                    "id": "mongoose.h",
                    "named_subs": {},
                    "subs": [ ]
                  },
                  "line": {
                    "comments": {},
                    "id": "1015",
                    "named_subs": {},
                    "subs": [ ]
                  },
                  "working_directory": {
                    "comments": {},
                    "id": "/home/marek/Software/SECURITY_EVALUATION/Mongoose/error_trace_01",
                    "named_subs": {},
                    "subs": [ ]
                  }
                },
                "subs": [ ]
              }
            },
            "id": "code",
            "named_subs": {
              "parameters": {
                "comments": {},
                "id": "",
                "named_subs": {},
                "subs": [
                  {
                    "comments": {
                      "#source_location": {
                        "comments": {},
                        "id": "",
                        "named_subs": {
                          "file": {
                            "comments": {},
                            "id": "mongoose.h",
                            "named_subs": {},
                            "subs": [ ]
                          },
                          "line": {
                            "comments": {},
                            "id": "1015",
                            "named_subs": {},
                            "subs": [ ]
                          },
                          "working_directory": {
                            "comments": {},
                            "id": "/home/marek/Software/SECURITY_EVALUATION/Mongoose/error_trace_01",
                            "named_subs": {},
                            "subs": [ ]
                          }
                        },
                        "subs": [ ]
                      }
                    },
                    "id": "parameter",
                    "named_subs": {
                      "type": {
                        "comments": {
                          "#c_type": {
                            "comments": {},
                            "id": "char",
                            "named_subs": {},
                            "subs": [ ]
                          }
                        },
                        "id": "signedbv",
                        "named_subs": {
                          "width": {
                            "comments": {},
                            "id": "8",
                            "named_subs": {},
                            "subs": [ ]
                          }
                        },
                        "subs": [ ]
                      }
                    },
                    "subs": [ ]
                  },
                  {
                    "comments": {
                      "#source_location": {
                        "comments": {},
                        "id": "",
                        "named_subs": {
                          "file": {
                            "comments": {},
                            "id": "mongoose.h",
                            "named_subs": {},
                            "subs": [ ]
                          },
                          "line": {
                            "comments": {},
                            "id": "1015",
                            "named_subs": {},
                            "subs": [ ]
                          },
                          "working_directory": {
                            "comments": {},
                            "id": "/home/marek/Software/SECURITY_EVALUATION/Mongoose/error_trace_01",
                            "named_subs": {},
                            "subs": [ ]
                          }
                        },
                        "subs": [ ]
                      }
                    },
                    "id": "parameter",
                    "named_subs": {
                      "type": {
                        "comments": {
                          "#source_location": {
                            "comments": {},
                            "id": "",
                            "named_subs": {
                              "file": {
                                "comments": {},
                                "id": "mongoose.h",
                                "named_subs": {},
                                "subs": [ ]
                              },
                              "line": {
                                "comments": {},
                                "id": "1015",
                                "named_subs": {},
                                "subs": [ ]
                              },
                              "working_directory": {
                                "comments": {},
                                "id": "/home/marek/Software/SECURITY_EVALUATION/Mongoose/error_trace_01",
                                "named_subs": {},
                                "subs": [ ]
                              }
                            },
                            "subs": [ ]
                          }
                        },
                        "id": "pointer",
                        "named_subs": {},
                        "subs": [
                          {
                            "comments": {
                              "#source_location": {
                                "comments": {},
                                "id": "",
                                "named_subs": {
                                  "file": {
                                    "comments": {},
                                    "id": "mongoose.h",
                                    "named_subs": {},
                                    "subs": [ ]
                                  },
                                  "line": {
                                    "comments": {},
                                    "id": "1015",
                                    "named_subs": {},
                                    "subs": [ ]
                                  },
                                  "working_directory": {
                                    "comments": {},
                                    "id": "/home/marek/Software/SECURITY_EVALUATION/Mongoose/error_trace_01",
                                    "named_subs": {},
                                    "subs": [ ]
                                  }
                                },
                                "subs": [ ]
                              }
                            },
                            "id": "empty",
                            "named_subs": {},
                            "subs": [ ]
                          }
                        ]
                      }
                    },
                    "subs": [ ]
                  }
                ]
              },
              "return_type": {
                "comments": {
                  "#source_location": {
                    "comments": {},
                    "id": "",
                    "named_subs": {
                      "file": {
                        "comments": {},
                        "id": "mongoose.h",
                        "named_subs": {},
                        "subs": [ ]
                      },
                      "line": {
                        "comments": {},
                        "id": "1015",
                        "named_subs": {},
                        "subs": [ ]
                      },
                      "working_directory": {
                        "comments": {},
                        "id": "/home/marek/Software/SECURITY_EVALUATION/Mongoose/error_trace_01",
                        "named_subs": {},
                        "subs": [ ]
                      }
                    },
                    "subs": [ ]
                  }
                },
                "id": "empty",
                "named_subs": {},
                "subs": [ ]
              }
            },
            "subs": [ ]
          }
        },
        "subs": [
          {
            "comments": {},
            "id": "constant",
            "named_subs": {
              "type": {
                "comments": {},
                "id": "string",
                "named_subs": {},
                "subs": [ ]
              },
              "value": {
                "comments": {},
                "id": "cs_base64_init::b64_putc",
                "named_subs": {},
                "subs": [ ]
              }
            },
            "subs": [ ]
          }
        ]
      }
    },
    {
      "lhs_basename": "external_objects",
      "lhs_fieldname": ".user_data",
      "rhs": {
        "comments": {
          "#lva_mode": {
            "comments": {},
            "id": "0",
            "named_subs": {},
            "subs": [ ]
          }
        },
        "id": "external-value-set",
        "named_subs": {
          "modified": {
            "comments": {},
            "id": "1",
            "named_subs": {},
            "subs": [ ]
          },
          "type": {
            "comments": {
              "#source_location": {
                "comments": {},
                "id": "",
                "named_subs": {
                  "file": {
                    "comments": {},
                    "id": "mongoose.c",
                    "named_subs": {},
                    "subs": [ ]
                  },
                  "function": {
                    "comments": {},
                    "id": "",
                    "named_subs": {},
                    "subs": [ ]
                  },
                  "line": {
                    "comments": {},
                    "id": "177",
                    "named_subs": {},
                    "subs": [ ]
                  },
                  "working_directory": {
                    "comments": {},
                    "id": "/home/marek/Software/SECURITY_EVALUATION/Mongoose/error_trace_01",
                    "named_subs": {},
                    "subs": [ ]
                  }
                },
                "subs": [ ]
              }
            },
            "id": "empty",
            "named_subs": {},
            "subs": [ ]
          }
        },
        "subs": [
          {
            "comments": {},
            "id": "constant",
            "named_subs": {
              "type": {
                "comments": {},
                "id": "string",
                "named_subs": {},
                "subs": [ ]
              },
              "value": {
                "comments": {},
                "id": "cs_base64_init::user_data",
                "named_subs": {},
                "subs": [ ]
              }
            },
            "subs": [ ]
          }
        ]
      }
    }
  ]
}