{
  "assigns": [
    {
      "lhs_basename": "external_objects",
      "lhs_fieldname": "[]",
      "rhs": {
        "comments": {},
        "id": "dynamic_object",
        "named_subs": {
          "type": {
            "comments": {
              "#source_location": {
                "comments": {},
                "id": "",
                "named_subs": {
                  "file": {
                    "comments": {},
                    "id": "<built-in-additions>",
                    "named_subs": {},
                    "subs": [ ]
                  },
                  "line": {
                    "comments": {},
                    "id": "37",
                    "named_subs": {},
                    "subs": [ ]
                  },
                  "working_directory": {
                    "comments": {},
                    "id": "/home/marek/Software/SECURITY_EVALUATION/Mongoose/error_trace_01",
                    "named_subs": {},
                    "subs": [ ]
                  }
                },
                "subs": [ ]
              }
            },
            "id": "empty",
            "named_subs": {},
            "subs": [ ]
          }
        },
        "subs": [
          {
            "comments": {},
            "id": "constant",
            "named_subs": {
              "type": {
                "comments": {},
                "id": "natural",
                "named_subs": {},
                "subs": [ ]
              },
              "value": {
                "comments": {},
                "id": "10982",
                "named_subs": {},
                "subs": [ ]
              }
            },
            "subs": [ ]
          },
          {
            "comments": {},
            "id": "constant",
            "named_subs": {
              "type": {
                "comments": {},
                "id": "bool",
                "named_subs": {},
                "subs": [ ]
              },
              "value": {
                "comments": {},
                "id": "true",
                "named_subs": {},
                "subs": [ ]
              }
            },
            "subs": [ ]
          }
        ]
      }
    },
    {
      "lhs_basename": "external_objects",
      "lhs_fieldname": "[]",
      "rhs": {
        "comments": {
          "#lva_mode": {
            "comments": {},
            "id": "0",
            "named_subs": {},
            "subs": [ ]
          }
        },
        "id": "external-value-set",
        "named_subs": {
          "modified": {
            "comments": {},
            "id": "1",
            "named_subs": {},
            "subs": [ ]
          },
          "type": {
            "comments": {
              "#c_type": {
                "comments": {},
                "id": "char",
                "named_subs": {},
                "subs": [ ]
              },
              "#constant": {
                "comments": {},
                "id": "1",
                "named_subs": {},
                "subs": [ ]
              }
            },
            "id": "signedbv",
            "named_subs": {
              "width": {
                "comments": {},
                "id": "8",
                "named_subs": {},
                "subs": [ ]
              }
            },
            "subs": [ ]
          }
        },
        "subs": [
          {
            "comments": {},
            "id": "constant",
            "named_subs": {
              "type": {
                "comments": {},
                "id": "string",
                "named_subs": {},
                "subs": [ ]
              },
              "value": {
                "comments": {},
                "id": "mg_http_common_url_parse::url",
                "named_subs": {},
                "subs": [ ]
              }
            },
            "subs": [ ]
          }
        ]
      }
    }
  ]
}