{
  "assigns": [
    {
      "lhs_basename": "external_objects",
      "lhs_fieldname": ".user_data",
      "rhs": {
        "comments": {
          "#lva_mode": {
            "comments": {},
            "id": "0",
            "named_subs": {},
            "subs": [ ]
          }
        },
        "id": "external-value-set",
        "named_subs": {
          "modified": {
            "comments": {},
            "id": "1",
            "named_subs": {},
            "subs": [ ]
          },
          "type": {
            "comments": {
              "#source_location": {
                "comments": {},
                "id": "",
                "named_subs": {
                  "file": {
                    "comments": {},
                    "id": "mongoose.c",
                    "named_subs": {},
                    "subs": [ ]
                  },
                  "function": {
                    "comments": {},
                    "id": "",
                    "named_subs": {},
                    "subs": [ ]
                  },
                  "line": {
                    "comments": {},
                    "id": "2232",
                    "named_subs": {},
                    "subs": [ ]
                  },
                  "working_directory": {
                    "comments": {},
                    "id": "/home/marek/Software/SECURITY_EVALUATION/Mongoose/error_trace_01",
                    "named_subs": {},
                    "subs": [ ]
                  }
                },
                "subs": [ ]
              }
            },
            "id": "empty",
            "named_subs": {},
            "subs": [ ]
          }
        },
        "subs": [
          {
            "comments": {},
            "id": "constant",
            "named_subs": {
              "type": {
                "comments": {},
                "id": "string",
                "named_subs": {},
                "subs": [ ]
              },
              "value": {
                "comments": {},
                "id": "mg_mgr_init::user_data",
                "named_subs": {},
                "subs": [ ]
              }
            },
            "subs": [ ]
          }
        ]
      }
    }
  ]
}