{
  "assigns": [
    {
      "lhs_basename": "external_objects",
      "lhs_fieldname": ".proto_handler",
      "rhs": {
        "comments": {
          "#lvalue": {
            "comments": {},
            "id": "1",
            "named_subs": {},
            "subs": [ ]
          },
          "#source_location": {
            "comments": {},
            "id": "",
            "named_subs": {
              "file": {
                "comments": {},
                "id": "mongoose.c",
                "named_subs": {},
                "subs": [ ]
              },
              "function": {
                "comments": {},
                "id": "mg_set_protocol_dns",
                "named_subs": {},
                "subs": [ ]
              },
              "line": {
                "comments": {},
                "id": "9262",
                "named_subs": {},
                "subs": [ ]
              },
              "working_directory": {
                "comments": {},
                "id": "/home/marek/Software/SECURITY_EVALUATION/Mongoose/error_trace_01",
                "named_subs": {},
                "subs": [ ]
              }
            },
            "subs": [ ]
          }
        },
        "id": "symbol",
        "named_subs": {
          "identifier": {
            "comments": {},
            "id": "dns_handler",
            "named_subs": {},
            "subs": [ ]
          },
          "type": {
            "comments": {
              "#source_location": {
                "comments": {},
                "id": "",
                "named_subs": {
                  "file": {
                    "comments": {},
                    "id": "mongoose.c",
                    "named_subs": {},
                    "subs": [ ]
                  },
                  "function": {
                    "comments": {},
                    "id": "",
                    "named_subs": {},
                    "subs": [ ]
                  },
                  "line": {
                    "comments": {},
                    "id": "9230",
                    "named_subs": {},
                    "subs": [ ]
                  },
                  "working_directory": {
                    "comments": {},
                    "id": "/home/marek/Software/SECURITY_EVALUATION/Mongoose/error_trace_01",
                    "named_subs": {},
                    "subs": [ ]
                  }
                },
                "subs": [ ]
              }
            },
            "id": "code",
            "named_subs": {
              "parameters": {
                "comments": {},
                "id": "",
                "named_subs": {},
                "subs": [
                  {
                    "comments": {
                      "#base_name": {
                        "comments": {},
                        "id": "nc",
                        "named_subs": {},
                        "subs": [ ]
                      },
                      "#identifier": {
                        "comments": {},
                        "id": "dns_handler::nc",
                        "named_subs": {},
                        "subs": [ ]
                      },
                      "#source_location": {
                        "comments": {},
                        "id": "",
                        "named_subs": {
                          "file": {
                            "comments": {},
                            "id": "mongoose.c",
                            "named_subs": {},
                            "subs": [ ]
                          },
                          "function": {
                            "comments": {},
                            "id": "",
                            "named_subs": {},
                            "subs": [ ]
                          },
                          "line": {
                            "comments": {},
                            "id": "9230",
                            "named_subs": {},
                            "subs": [ ]
                          },
                          "working_directory": {
                            "comments": {},
                            "id": "/home/marek/Software/SECURITY_EVALUATION/Mongoose/error_trace_01",
                            "named_subs": {},
                            "subs": [ ]
                          }
                        },
                        "subs": [ ]
                      }
                    },
                    "id": "parameter",
                    "named_subs": {
                      "type": {
                        "comments": {
                          "#source_location": {
                            "comments": {},
                            "id": "",
                            "named_subs": {
                              "file": {
                                "comments": {},
                                "id": "mongoose.c",
                                "named_subs": {},
                                "subs": [ ]
                              },
                              "function": {
                                "comments": {},
                                "id": "",
                                "named_subs": {},
                                "subs": [ ]
                              },
                              "line": {
                                "comments": {},
                                "id": "9230",
                                "named_subs": {},
                                "subs": [ ]
                              },
                              "working_directory": {
                                "comments": {},
                                "id": "/home/marek/Software/SECURITY_EVALUATION/Mongoose/error_trace_01",
                                "named_subs": {},
                                "subs": [ ]
                              }
                            },
                            "subs": [ ]
                          }
                        },
                        "id": "pointer",
                        "named_subs": {},
                        "subs": [
                          {
                            "comments": {
                              "#source_location": {
                                "comments": {},
                                "id": "",
                                "named_subs": {
                                  "file": {
                                    "comments": {},
                                    "id": "mongoose.c",
                                    "named_subs": {},
                                    "subs": [ ]
                                  },
                                  "function": {
                                    "comments": {},
                                    "id": "",
                                    "named_subs": {},
                                    "subs": [ ]
                                  },
                                  "line": {
                                    "comments": {},
                                    "id": "9230",
                                    "named_subs": {},
                                    "subs": [ ]
                                  },
                                  "working_directory": {
                                    "comments": {},
                                    "id": "/home/marek/Software/SECURITY_EVALUATION/Mongoose/error_trace_01",
                                    "named_subs": {},
                                    "subs": [ ]
                                  }
                                },
                                "subs": [ ]
                              }
                            },
                            "id": "symbol",
                            "named_subs": {
                              "identifier": {
                                "comments": {},
                                "id": "tag-mg_connection",
                                "named_subs": {},
                                "subs": [ ]
                              }
                            },
                            "subs": [ ]
                          }
                        ]
                      }
                    },
                    "subs": [ ]
                  },
                  {
                    "comments": {
                      "#base_name": {
                        "comments": {},
                        "id": "ev",
                        "named_subs": {},
                        "subs": [ ]
                      },
                      "#identifier": {
                        "comments": {},
                        "id": "dns_handler::ev",
                        "named_subs": {},
                        "subs": [ ]
                      },
                      "#source_location": {
                        "comments": {},
                        "id": "",
                        "named_subs": {
                          "file": {
                            "comments": {},
                            "id": "mongoose.c",
                            "named_subs": {},
                            "subs": [ ]
                          },
                          "function": {
                            "comments": {},
                            "id": "",
                            "named_subs": {},
                            "subs": [ ]
                          },
                          "line": {
                            "comments": {},
                            "id": "9230",
                            "named_subs": {},
                            "subs": [ ]
                          },
                          "working_directory": {
                            "comments": {},
                            "id": "/home/marek/Software/SECURITY_EVALUATION/Mongoose/error_trace_01",
                            "named_subs": {},
                            "subs": [ ]
                          }
                        },
                        "subs": [ ]
                      }
                    },
                    "id": "parameter",
                    "named_subs": {
                      "type": {
                        "comments": {
                          "#c_type": {
                            "comments": {},
                            "id": "signed_int",
                            "named_subs": {},
                            "subs": [ ]
                          }
                        },
                        "id": "signedbv",
                        "named_subs": {
                          "width": {
                            "comments": {},
                            "id": "32",
                            "named_subs": {},
                            "subs": [ ]
                          }
                        },
                        "subs": [ ]
                      }
                    },
                    "subs": [ ]
                  },
                  {
                    "comments": {
                      "#base_name": {
                        "comments": {},
                        "id": "ev_data",
                        "named_subs": {},
                        "subs": [ ]
                      },
                      "#identifier": {
                        "comments": {},
                        "id": "dns_handler::ev_data",
                        "named_subs": {},
                        "subs": [ ]
                      },
                      "#source_location": {
                        "comments": {},
                        "id": "",
                        "named_subs": {
                          "file": {
                            "comments": {},
                            "id": "mongoose.c",
                            "named_subs": {},
                            "subs": [ ]
                          },
                          "function": {
                            "comments": {},
                            "id": "",
                            "named_subs": {},
                            "subs": [ ]
                          },
                          "line": {
                            "comments": {},
                            "id": "9230",
                            "named_subs": {},
                            "subs": [ ]
                          },
                          "working_directory": {
                            "comments": {},
                            "id": "/home/marek/Software/SECURITY_EVALUATION/Mongoose/error_trace_01",
                            "named_subs": {},
                            "subs": [ ]
                          }
                        },
                        "subs": [ ]
                      }
                    },
                    "id": "parameter",
                    "named_subs": {
                      "type": {
                        "comments": {
                          "#source_location": {
                            "comments": {},
                            "id": "",
                            "named_subs": {
                              "file": {
                                "comments": {},
                                "id": "mongoose.c",
                                "named_subs": {},
                                "subs": [ ]
                              },
                              "function": {
                                "comments": {},
                                "id": "",
                                "named_subs": {},
                                "subs": [ ]
                              },
                              "line": {
                                "comments": {},
                                "id": "9230",
                                "named_subs": {},
                                "subs": [ ]
                              },
                              "working_directory": {
                                "comments": {},
                                "id": "/home/marek/Software/SECURITY_EVALUATION/Mongoose/error_trace_01",
                                "named_subs": {},
                                "subs": [ ]
                              }
                            },
                            "subs": [ ]
                          }
                        },
                        "id": "pointer",
                        "named_subs": {},
                        "subs": [
                          {
                            "comments": {
                              "#source_location": {
                                "comments": {},
                                "id": "",
                                "named_subs": {
                                  "file": {
                                    "comments": {},
                                    "id": "mongoose.c",
                                    "named_subs": {},
                                    "subs": [ ]
                                  },
                                  "function": {
                                    "comments": {},
                                    "id": "",
                                    "named_subs": {},
                                    "subs": [ ]
                                  },
                                  "line": {
                                    "comments": {},
                                    "id": "9230",
                                    "named_subs": {},
                                    "subs": [ ]
                                  },
                                  "working_directory": {
                                    "comments": {},
                                    "id": "/home/marek/Software/SECURITY_EVALUATION/Mongoose/error_trace_01",
                                    "named_subs": {},
                                    "subs": [ ]
                                  }
                                },
                                "subs": [ ]
                              }
                            },
                            "id": "empty",
                            "named_subs": {},
                            "subs": [ ]
                          }
                        ]
                      }
                    },
                    "subs": [ ]
                  }
                ]
              },
              "return_type": {
                "comments": {
                  "#source_location": {
                    "comments": {},
                    "id": "",
                    "named_subs": {
                      "file": {
                        "comments": {},
                        "id": "mongoose.c",
                        "named_subs": {},
                        "subs": [ ]
                      },
                      "function": {
                        "comments": {},
                        "id": "",
                        "named_subs": {},
                        "subs": [ ]
                      },
                      "line": {
                        "comments": {},
                        "id": "9230",
                        "named_subs": {},
                        "subs": [ ]
                      },
                      "working_directory": {
                        "comments": {},
                        "id": "/home/marek/Software/SECURITY_EVALUATION/Mongoose/error_trace_01",
                        "named_subs": {},
                        "subs": [ ]
                      }
                    },
                    "subs": [ ]
                  }
                },
                "id": "empty",
                "named_subs": {},
                "subs": [ ]
              }
            },
            "subs": [ ]
          }
        },
        "subs": [ ]
      }
    }
  ]
}