{
  "assigns": [
    {
      "lhs_basename": "external_objects",
      "lhs_fieldname": ".len",
      "rhs": {
        "comments": {
          "#lva_mode": {
            "comments": {},
            "id": "0",
            "named_subs": {},
            "subs": [ ]
          }
        },
        "id": "external-value-set",
        "named_subs": {
          "modified": {
            "comments": {},
            "id": "1",
            "named_subs": {},
            "subs": [ ]
          },
          "type": {
            "comments": {
              "#c_type": {
                "comments": {},
                "id": "char",
                "named_subs": {},
                "subs": [ ]
              },
              "#constant": {
                "comments": {},
                "id": "1",
                "named_subs": {},
                "subs": [ ]
              }
            },
            "id": "signedbv",
            "named_subs": {
              "width": {
                "comments": {},
                "id": "8",
                "named_subs": {},
                "subs": [ ]
              }
            },
            "subs": [ ]
          }
        },
        "subs": [
          {
            "comments": {},
            "id": "constant",
            "named_subs": {
              "type": {
                "comments": {},
                "id": "string",
                "named_subs": {},
                "subs": [ ]
              },
              "value": {
                "comments": {},
                "id": "mg_skip::s",
                "named_subs": {},
                "subs": [ ]
              }
            },
            "subs": [ ]
          }
        ]
      }
    },
    {
      "lhs_basename": "external_objects",
      "lhs_fieldname": ".len",
      "rhs": {
        "comments": {
          "#lva_mode": {
            "comments": {},
            "id": "0",
            "named_subs": {},
            "subs": [ ]
          }
        },
        "id": "external-value-set",
        "named_subs": {
          "modified": {
            "comments": {},
            "id": "1",
            "named_subs": {},
            "subs": [ ]
          },
          "type": {
            "comments": {
              "#c_type": {
                "comments": {},
                "id": "char",
                "named_subs": {},
                "subs": [ ]
              },
              "#constant": {
                "comments": {},
                "id": "1",
                "named_subs": {},
                "subs": [ ]
              }
            },
            "id": "signedbv",
            "named_subs": {
              "width": {
                "comments": {},
                "id": "8",
                "named_subs": {},
                "subs": [ ]
              }
            },
            "subs": [ ]
          }
        },
        "subs": [
          {
            "comments": {},
            "id": "constant",
            "named_subs": {
              "type": {
                "comments": {},
                "id": "string",
                "named_subs": {},
                "subs": [ ]
              },
              "value": {
                "comments": {},
                "id": "external_objects",
                "named_subs": {},
                "subs": [ ]
              }
            },
            "subs": [ ]
          },
          {
            "comments": {},
            "id": "access-path-entry",
            "named_subs": {
              "access-path-function": {
                "comments": {},
                "id": "mg_skip",
                "named_subs": {},
                "subs": [ ]
              },
              "access-path-label": {
                "comments": {},
                "id": ".p",
                "named_subs": {},
                "subs": [ ]
              },
              "access-path-loc": {
                "comments": {},
                "id": "2687",
                "named_subs": {},
                "subs": [ ]
              }
            },
            "subs": [ ]
          }
        ]
      }
    },
    {
      "lhs_basename": "external_objects",
      "lhs_fieldname": ".p",
      "rhs": {
        "comments": {
          "#lva_mode": {
            "comments": {},
            "id": "0",
            "named_subs": {},
            "subs": [ ]
          }
        },
        "id": "external-value-set",
        "named_subs": {
          "modified": {
            "comments": {},
            "id": "1",
            "named_subs": {},
            "subs": [ ]
          },
          "type": {
            "comments": {
              "#c_type": {
                "comments": {},
                "id": "char",
                "named_subs": {},
                "subs": [ ]
              },
              "#constant": {
                "comments": {},
                "id": "1",
                "named_subs": {},
                "subs": [ ]
              }
            },
            "id": "signedbv",
            "named_subs": {
              "width": {
                "comments": {},
                "id": "8",
                "named_subs": {},
                "subs": [ ]
              }
            },
            "subs": [ ]
          }
        },
        "subs": [
          {
            "comments": {},
            "id": "constant",
            "named_subs": {
              "type": {
                "comments": {},
                "id": "string",
                "named_subs": {},
                "subs": [ ]
              },
              "value": {
                "comments": {},
                "id": "mg_skip::s",
                "named_subs": {},
                "subs": [ ]
              }
            },
            "subs": [ ]
          }
        ]
      }
    }
  ]
}