{
  "java::AssignmentAction.<init>:()V": "java..AssignmentAction.[init].()V.json",
  "java::AssignmentAction.doUpload_all:(LRunData;)V": "java..AssignmentAction.doUpload_all.(LRunData;)V.json",
  "java::AssignmentAction.editSubmission:()LAssignmentSubmissionEdit;": "java..AssignmentAction.editSubmission.()LAssignmentSubmissionEdit;.json",
  "java::AssignmentAction.getBodyTextFromZipHtml:(Ljava/io/InputStream;Z)Ljava/lang/String;": "java..AssignmentAction.getBodyTextFromZipHtml.(Ljava.io.InputStream;Z)Ljava.lang.String;.json",
  "java::AssignmentAction.readIntoString:(Ljava/io/InputStream;)Ljava/lang/String;": "java..AssignmentAction.readIntoString.(Ljava.io.InputStream;)Ljava.lang.String;.json",
  "java::AssignmentAction.uploadAll_parseZipFile:(Ljava/io/InputStream;Ljava/util/HashMap;)Ljava/util/HashMap;": "java..AssignmentAction.uploadAll_parseZipFile.(Ljava.io.InputStream;Ljava.util.HashMap;)Ljava.util.HashMap;.json",
  "java::AssignmentAction.uploadAll_updateSubmissions:(Ljava/util/HashMap;Ljava/util/List;)V": "java..AssignmentAction.uploadAll_updateSubmissions.(Ljava.util.HashMap;Ljava.util.List;)V.json",
  "java::AssignmentService.editSubmission:(Ljava/lang/String;)LAssignmentSubmissionEdit;": "java..AssignmentService.editSubmission.(Ljava.lang.String;)LAssignmentSubmissionEdit;.json",
  "java::AssignmentService.getSubmissions:(Ljava/lang/String;)Ljava/util/List;": "java..AssignmentService.getSubmissions.(Ljava.lang.String;)Ljava.util.List;.json",
  "java::DummyAssignmentSubmissionEdit.<init>:()V": "java..DummyAssignmentSubmissionEdit.[init].()V.json",
  "java::DummyAssignmentSubmissionEdit.setSubmittedText:(Ljava/lang/String;)V": "java..DummyAssignmentSubmissionEdit.setSubmittedText.(Ljava.lang.String;)V.json",
  "java::FileItem.<init>:()V": "java..FileItem.[init].()V.json",
  "java::FileItem.getInputStream:()Ljava/io/InputStream;": "java..FileItem.getInputStream.()Ljava.io.InputStream;.json",
  "java::ParameterParser.<init>:()V": "java..ParameterParser.[init].()V.json",
  "java::ParameterParser.getFileItem:(Ljava/lang/String;)LFileItem;": "java..ParameterParser.getFileItem.(Ljava.lang.String;)LFileItem;.json",
  "java::RunData.getParameters:()LParameterParser;": "java..RunData.getParameters.()LParameterParser;.json",
  "java::TaintSink.receive_taint:(C)V": "java..TaintSink.receive_taint.(C)V.json",
  "java::TaintSource.get_tainted_int:()I": "java..TaintSource.get_tainted_int.()I.json",
  "java::TaintedInputStream.<init>:()V": "java..TaintedInputStream.[init].()V.json",
  "java::TaintedInputStream.read:([BII)I": "java..TaintedInputStream.read.([BII)I.json",
  "java::java.lang.String.<init>:([BII)V": "java..java.lang.String.[init].([BII)V.json",
  "java::java.lang.String.charAt:(I)C": "java..java.lang.String.charAt.(I)C.json",
  "java::java.lang.String.checkBounds:([BII)V": "java..java.lang.String.checkBounds.([BII)V.json"
}