{
  "assigns": [
    {
      "lhs_basename": "external_objects",
      "lhs_fieldname": ".stackTrace",
      "rhs": {
        "comments": {
          "#lva_mode": {
            "comments": {},
            "id": "0",
            "named_subs": {},
            "subs": [ ]
          }
        },
        "id": "external-value-set",
        "named_subs": {
          "modified": {
            "comments": {},
            "id": "1",
            "named_subs": {},
            "subs": [ ]
          },
          "type": {
            "comments": {
              "#base_name": {
                "comments": {},
                "id": "array[reference]",
                "named_subs": {},
                "subs": [ ]
              },
              "#element_type": {
                "comments": {
                  "#reference": {
                    "comments": {},
                    "id": "1",
                    "named_subs": {},
                    "subs": [ ]
                  }
                },
                "id": "pointer",
                "named_subs": {},
                "subs": [
                  {
                    "comments": {
                      "#base_name": {
                        "comments": {},
                        "id": "java.lang.StackTraceElement",
                        "named_subs": {},
                        "subs": [ ]
                      }
                    },
                    "id": "symbol",
                    "named_subs": {
                      "identifier": {
                        "comments": {},
                        "id": "java::java.lang.StackTraceElement",
                        "named_subs": {},
                        "subs": [ ]
                      }
                    },
                    "subs": [ ]
                  }
                ]
              }
            },
            "id": "symbol",
            "named_subs": {
              "identifier": {
                "comments": {},
                "id": "java::array[reference]",
                "named_subs": {},
                "subs": [ ]
              }
            },
            "subs": [ ]
          }
        },
        "subs": [
          {
            "comments": {},
            "id": "constant",
            "named_subs": {
              "type": {
                "comments": {},
                "id": "string",
                "named_subs": {},
                "subs": [ ]
              },
              "value": {
                "comments": {},
                "id": "java::java.lang.Throwable.UNASSIGNED_STACK",
                "named_subs": {},
                "subs": [ ]
              }
            },
            "subs": [ ]
          }
        ]
      }
    },
    {
      "lhs_basename": "external_objects",
      "lhs_fieldname": ".cause",
      "rhs": {
        "comments": {
          "#lva_mode": {
            "comments": {},
            "id": "0",
            "named_subs": {},
            "subs": [ ]
          }
        },
        "id": "external-value-set",
        "named_subs": {
          "modified": {
            "comments": {},
            "id": "1",
            "named_subs": {},
            "subs": [ ]
          },
          "type": {
            "comments": {},
            "id": "symbol",
            "named_subs": {
              "identifier": {
                "comments": {},
                "id": "java::java.lang.Throwable",
                "named_subs": {},
                "subs": [ ]
              }
            },
            "subs": [ ]
          }
        },
        "subs": [
          {
            "comments": {},
            "id": "constant",
            "named_subs": {
              "type": {
                "comments": {},
                "id": "string",
                "named_subs": {},
                "subs": [ ]
              },
              "value": {
                "comments": {},
                "id": "java::java.lang.Throwable.<init>:()V::this",
                "named_subs": {},
                "subs": [ ]
              }
            },
            "subs": [ ]
          }
        ]
      }
    },
    {
      "lhs_basename": "external_objects",
      "lhs_fieldname": ".suppressedExceptions",
      "rhs": {
        "comments": {
          "#lva_mode": {
            "comments": {},
            "id": "0",
            "named_subs": {},
            "subs": [ ]
          }
        },
        "id": "external-value-set",
        "named_subs": {
          "modified": {
            "comments": {},
            "id": "1",
            "named_subs": {},
            "subs": [ ]
          },
          "type": {
            "comments": {
              "#base_name": {
                "comments": {},
                "id": "java.util.List",
                "named_subs": {},
                "subs": [ ]
              }
            },
            "id": "symbol",
            "named_subs": {
              "identifier": {
                "comments": {},
                "id": "java::java.util.List",
                "named_subs": {},
                "subs": [ ]
              }
            },
            "subs": [ ]
          }
        },
        "subs": [
          {
            "comments": {},
            "id": "constant",
            "named_subs": {
              "type": {
                "comments": {},
                "id": "string",
                "named_subs": {},
                "subs": [ ]
              },
              "value": {
                "comments": {},
                "id": "java::java.lang.Throwable.SUPPRESSED_SENTINEL",
                "named_subs": {},
                "subs": [ ]
              }
            },
            "subs": [ ]
          }
        ]
      }
    }
  ]
}