{
  "assigns": [
    {
      "lhs_basename": "external_objects",
      "lhs_fieldname": ".b",
      "rhs": {
        "comments": {},
        "id": "dynamic_object",
        "named_subs": {
          "type": {
            "comments": {
              "#base_name": {
                "comments": {},
                "id": "array[byte]",
                "named_subs": {},
                "subs": [ ]
              },
              "#element_type": {
                "comments": {},
                "id": "signedbv",
                "named_subs": {
                  "width": {
                    "comments": {},
                    "id": "8",
                    "named_subs": {},
                    "subs": [ ]
                  }
                },
                "subs": [ ]
              }
            },
            "id": "symbol",
            "named_subs": {
              "identifier": {
                "comments": {},
                "id": "java::array[byte]",
                "named_subs": {},
                "subs": [ ]
              }
            },
            "subs": [ ]
          }
        },
        "subs": [
          {
            "comments": {},
            "id": "constant",
            "named_subs": {
              "type": {
                "comments": {},
                "id": "natural",
                "named_subs": {},
                "subs": [ ]
              },
              "value": {
                "comments": {},
                "id": "21687",
                "named_subs": {},
                "subs": [ ]
              }
            },
            "subs": [ ]
          },
          {
            "comments": {},
            "id": "constant",
            "named_subs": {
              "type": {
                "comments": {},
                "id": "bool",
                "named_subs": {},
                "subs": [ ]
              },
              "value": {
                "comments": {},
                "id": "true",
                "named_subs": {},
                "subs": [ ]
              }
            },
            "subs": [ ]
          }
        ]
      }
    },
    {
      "lhs_basename": "external_objects",
      "lhs_fieldname": ".crc",
      "rhs": {
        "comments": {},
        "id": "dynamic_object",
        "named_subs": {
          "type": {
            "comments": {
              "#base_name": {
                "comments": {},
                "id": "java.util.zip.CRC32",
                "named_subs": {},
                "subs": [ ]
              }
            },
            "id": "symbol",
            "named_subs": {
              "identifier": {
                "comments": {},
                "id": "java::java.util.zip.CRC32",
                "named_subs": {},
                "subs": [ ]
              }
            },
            "subs": [ ]
          }
        },
        "subs": [
          {
            "comments": {},
            "id": "constant",
            "named_subs": {
              "type": {
                "comments": {},
                "id": "natural",
                "named_subs": {},
                "subs": [ ]
              },
              "value": {
                "comments": {},
                "id": "21670",
                "named_subs": {},
                "subs": [ ]
              }
            },
            "subs": [ ]
          },
          {
            "comments": {},
            "id": "constant",
            "named_subs": {
              "type": {
                "comments": {},
                "id": "bool",
                "named_subs": {},
                "subs": [ ]
              },
              "value": {
                "comments": {},
                "id": "true",
                "named_subs": {},
                "subs": [ ]
              }
            },
            "subs": [ ]
          }
        ]
      }
    },
    {
      "lhs_basename": "value_set::dynamic_object21675",
      "lhs_fieldname": ".data",
      "rhs": {
        "comments": {},
        "id": "dynamic_object",
        "named_subs": {
          "type": {
            "comments": {},
            "id": "signedbv",
            "named_subs": {
              "width": {
                "comments": {},
                "id": "8",
                "named_subs": {},
                "subs": [ ]
              }
            },
            "subs": [ ]
          }
        },
        "subs": [
          {
            "comments": {},
            "id": "constant",
            "named_subs": {
              "type": {
                "comments": {},
                "id": "natural",
                "named_subs": {},
                "subs": [ ]
              },
              "value": {
                "comments": {},
                "id": "21678",
                "named_subs": {},
                "subs": [ ]
              }
            },
            "subs": [ ]
          },
          {
            "comments": {},
            "id": "constant",
            "named_subs": {
              "type": {
                "comments": {},
                "id": "bool",
                "named_subs": {},
                "subs": [ ]
              },
              "value": {
                "comments": {},
                "id": "true",
                "named_subs": {},
                "subs": [ ]
              }
            },
            "subs": [ ]
          }
        ]
      }
    },
    {
      "lhs_basename": "external_objects",
      "lhs_fieldname": ".tmpbuf",
      "rhs": {
        "comments": {},
        "id": "dynamic_object",
        "named_subs": {
          "type": {
            "comments": {
              "#base_name": {
                "comments": {},
                "id": "array[byte]",
                "named_subs": {},
                "subs": [ ]
              },
              "#element_type": {
                "comments": {},
                "id": "signedbv",
                "named_subs": {
                  "width": {
                    "comments": {},
                    "id": "8",
                    "named_subs": {},
                    "subs": [ ]
                  }
                },
                "subs": [ ]
              }
            },
            "id": "symbol",
            "named_subs": {
              "identifier": {
                "comments": {},
                "id": "java::array[byte]",
                "named_subs": {},
                "subs": [ ]
              }
            },
            "subs": [ ]
          }
        },
        "subs": [
          {
            "comments": {},
            "id": "constant",
            "named_subs": {
              "type": {
                "comments": {},
                "id": "natural",
                "named_subs": {},
                "subs": [ ]
              },
              "value": {
                "comments": {},
                "id": "21675",
                "named_subs": {},
                "subs": [ ]
              }
            },
            "subs": [ ]
          },
          {
            "comments": {},
            "id": "constant",
            "named_subs": {
              "type": {
                "comments": {},
                "id": "bool",
                "named_subs": {},
                "subs": [ ]
              },
              "value": {
                "comments": {},
                "id": "true",
                "named_subs": {},
                "subs": [ ]
              }
            },
            "subs": [ ]
          }
        ]
      }
    },
    {
      "lhs_basename": "value_set::dynamic_object21687",
      "lhs_fieldname": ".data",
      "rhs": {
        "comments": {},
        "id": "dynamic_object",
        "named_subs": {
          "type": {
            "comments": {},
            "id": "signedbv",
            "named_subs": {
              "width": {
                "comments": {},
                "id": "8",
                "named_subs": {},
                "subs": [ ]
              }
            },
            "subs": [ ]
          }
        },
        "subs": [
          {
            "comments": {},
            "id": "constant",
            "named_subs": {
              "type": {
                "comments": {},
                "id": "natural",
                "named_subs": {},
                "subs": [ ]
              },
              "value": {
                "comments": {},
                "id": "21690",
                "named_subs": {},
                "subs": [ ]
              }
            },
            "subs": [ ]
          },
          {
            "comments": {},
            "id": "constant",
            "named_subs": {
              "type": {
                "comments": {},
                "id": "bool",
                "named_subs": {},
                "subs": [ ]
              },
              "value": {
                "comments": {},
                "id": "true",
                "named_subs": {},
                "subs": [ ]
              }
            },
            "subs": [ ]
          }
        ]
      }
    },
    {
      "lhs_basename": "external_objects",
      "lhs_fieldname": ".zc",
      "rhs": {
        "comments": {},
        "id": "dynamic_object",
        "named_subs": {
          "type": {
            "comments": {
              "#base_name": {
                "comments": {},
                "id": "java.util.zip.ZipCoder",
                "named_subs": {},
                "subs": [ ]
              }
            },
            "id": "symbol",
            "named_subs": {
              "identifier": {
                "comments": {},
                "id": "java::java.util.zip.ZipCoder",
                "named_subs": {},
                "subs": [ ]
              }
            },
            "subs": [ ]
          }
        },
        "subs": [
          {
            "comments": {},
            "id": "constant",
            "named_subs": {
              "type": {
                "comments": {},
                "id": "natural",
                "named_subs": {},
                "subs": [ ]
              },
              "value": {
                "comments": {},
                "id": "21637",
                "named_subs": {},
                "subs": [ ]
              }
            },
            "subs": [ ]
          },
          {
            "comments": {},
            "id": "constant",
            "named_subs": {
              "type": {
                "comments": {},
                "id": "bool",
                "named_subs": {},
                "subs": [ ]
              },
              "value": {
                "comments": {},
                "id": "true",
                "named_subs": {},
                "subs": [ ]
              }
            },
            "subs": [ ]
          }
        ]
      }
    }
  ]
}