{
  "assigns": [
    {
      "lhs_basename": "external_objects",
      "lhs_fieldname": ".next",
      "rhs": {
        "comments": {
          "#lva_mode": {
            "comments": {},
            "id": "0",
            "named_subs": {},
            "subs": [ ]
          }
        },
        "id": "external-value-set",
        "named_subs": {
          "modified": {
            "comments": {},
            "id": "1",
            "named_subs": {},
            "subs": [ ]
          },
          "type": {
            "comments": {
              "#base_name": {
                "comments": {},
                "id": "java.util.LinkedList$Node",
                "named_subs": {},
                "subs": [ ]
              }
            },
            "id": "symbol",
            "named_subs": {
              "identifier": {
                "comments": {},
                "id": "java::java.util.LinkedList$Node",
                "named_subs": {},
                "subs": [ ]
              }
            },
            "subs": [ ]
          }
        },
        "subs": [
          {
            "comments": {},
            "id": "constant",
            "named_subs": {
              "type": {
                "comments": {},
                "id": "string",
                "named_subs": {},
                "subs": [ ]
              },
              "value": {
                "comments": {},
                "id": "external_objects",
                "named_subs": {},
                "subs": [ ]
              }
            },
            "subs": [ ]
          },
          {
            "comments": {},
            "id": "access-path-entry",
            "named_subs": {
              "access-path-function": {
                "comments": {},
                "id": "java::java.util.LinkedList$ListItr.next:()Ljava/lang/Object;",
                "named_subs": {},
                "subs": [ ]
              },
              "access-path-label": {
                "comments": {},
                "id": ".next",
                "named_subs": {},
                "subs": [ ]
              },
              "access-path-loc": {
                "comments": {},
                "id": "21327",
                "named_subs": {},
                "subs": [ ]
              }
            },
            "subs": [ ]
          }
        ]
      }
    },
    {
      "lhs_basename": "external_objects",
      "lhs_fieldname": ".lastReturned",
      "rhs": {
        "comments": {
          "#lva_mode": {
            "comments": {},
            "id": "0",
            "named_subs": {},
            "subs": [ ]
          }
        },
        "id": "external-value-set",
        "named_subs": {
          "modified": {
            "comments": {},
            "id": "1",
            "named_subs": {},
            "subs": [ ]
          },
          "type": {
            "comments": {
              "#base_name": {
                "comments": {},
                "id": "java.util.LinkedList$Node",
                "named_subs": {},
                "subs": [ ]
              }
            },
            "id": "symbol",
            "named_subs": {
              "identifier": {
                "comments": {},
                "id": "java::java.util.LinkedList$Node",
                "named_subs": {},
                "subs": [ ]
              }
            },
            "subs": [ ]
          }
        },
        "subs": [
          {
            "comments": {},
            "id": "constant",
            "named_subs": {
              "type": {
                "comments": {},
                "id": "string",
                "named_subs": {},
                "subs": [ ]
              },
              "value": {
                "comments": {},
                "id": "external_objects",
                "named_subs": {},
                "subs": [ ]
              }
            },
            "subs": [ ]
          },
          {
            "comments": {},
            "id": "access-path-entry",
            "named_subs": {
              "access-path-function": {
                "comments": {},
                "id": "java::java.util.LinkedList$ListItr.next:()Ljava/lang/Object;",
                "named_subs": {},
                "subs": [ ]
              },
              "access-path-label": {
                "comments": {},
                "id": ".next",
                "named_subs": {},
                "subs": [ ]
              },
              "access-path-loc": {
                "comments": {},
                "id": "21327",
                "named_subs": {},
                "subs": [ ]
              }
            },
            "subs": [ ]
          }
        ]
      }
    }
  ]
}