{
  "assigns": [
    {
      "lhs_basename": "java::java.nio.charset.Charset.cache1",
      "lhs_fieldname": "",
      "rhs": {
        "comments": {},
        "id": "dynamic_object",
        "named_subs": {
          "type": {
            "comments": {
              "#base_name": {
                "comments": {},
                "id": "array[reference]",
                "named_subs": {},
                "subs": [ ]
              },
              "#element_type": {
                "comments": {
                  "#reference": {
                    "comments": {},
                    "id": "1",
                    "named_subs": {},
                    "subs": [ ]
                  }
                },
                "id": "pointer",
                "named_subs": {},
                "subs": [
                  {
                    "comments": {},
                    "id": "empty",
                    "named_subs": {},
                    "subs": [ ]
                  }
                ]
              }
            },
            "id": "symbol",
            "named_subs": {
              "identifier": {
                "comments": {},
                "id": "java::array[reference]",
                "named_subs": {},
                "subs": [ ]
              }
            },
            "subs": [ ]
          }
        },
        "subs": [
          {
            "comments": {},
            "id": "constant",
            "named_subs": {
              "type": {
                "comments": {},
                "id": "natural",
                "named_subs": {},
                "subs": [ ]
              },
              "value": {
                "comments": {},
                "id": "20888",
                "named_subs": {},
                "subs": [ ]
              }
            },
            "subs": [ ]
          },
          {
            "comments": {},
            "id": "constant",
            "named_subs": {
              "type": {
                "comments": {},
                "id": "bool",
                "named_subs": {},
                "subs": [ ]
              },
              "value": {
                "comments": {},
                "id": "true",
                "named_subs": {},
                "subs": [ ]
              }
            },
            "subs": [ ]
          }
        ]
      }
    },
    {
      "lhs_basename": "java::java.lang.StringCoding.decode:([BII)[C#return_value",
      "lhs_fieldname": "",
      "rhs": {
        "comments": {},
        "id": "dynamic_object",
        "named_subs": {
          "type": {
            "comments": {
              "#base_name": {
                "comments": {},
                "id": "array[char]",
                "named_subs": {},
                "subs": [ ]
              },
              "#element_type": {
                "comments": {},
                "id": "unsignedbv",
                "named_subs": {
                  "width": {
                    "comments": {},
                    "id": "16",
                    "named_subs": {},
                    "subs": [ ]
                  }
                },
                "subs": [ ]
              }
            },
            "id": "symbol",
            "named_subs": {
              "identifier": {
                "comments": {},
                "id": "java::array[char]",
                "named_subs": {},
                "subs": [ ]
              }
            },
            "subs": [ ]
          }
        },
        "subs": [
          {
            "comments": {},
            "id": "constant",
            "named_subs": {
              "type": {
                "comments": {},
                "id": "natural",
                "named_subs": {},
                "subs": [ ]
              },
              "value": {
                "comments": {},
                "id": "587",
                "named_subs": {},
                "subs": [ ]
              }
            },
            "subs": [ ]
          },
          {
            "comments": {},
            "id": "constant",
            "named_subs": {
              "type": {
                "comments": {},
                "id": "bool",
                "named_subs": {},
                "subs": [ ]
              },
              "value": {
                "comments": {},
                "id": "true",
                "named_subs": {},
                "subs": [ ]
              }
            },
            "subs": [ ]
          }
        ]
      }
    },
    {
      "lhs_basename": "java::java.lang.StringCoding.decode:([BII)[C#return_value",
      "lhs_fieldname": "",
      "rhs": {
        "comments": {},
        "id": "dynamic_object",
        "named_subs": {
          "type": {
            "comments": {
              "#base_name": {
                "comments": {},
                "id": "array[char]",
                "named_subs": {},
                "subs": [ ]
              },
              "#element_type": {
                "comments": {},
                "id": "unsignedbv",
                "named_subs": {
                  "width": {
                    "comments": {},
                    "id": "16",
                    "named_subs": {},
                    "subs": [ ]
                  }
                },
                "subs": [ ]
              }
            },
            "id": "symbol",
            "named_subs": {
              "identifier": {
                "comments": {},
                "id": "java::array[char]",
                "named_subs": {},
                "subs": [ ]
              }
            },
            "subs": [ ]
          }
        },
        "subs": [
          {
            "comments": {},
            "id": "constant",
            "named_subs": {
              "type": {
                "comments": {},
                "id": "natural",
                "named_subs": {},
                "subs": [ ]
              },
              "value": {
                "comments": {},
                "id": "22297",
                "named_subs": {},
                "subs": [ ]
              }
            },
            "subs": [ ]
          },
          {
            "comments": {},
            "id": "constant",
            "named_subs": {
              "type": {
                "comments": {},
                "id": "bool",
                "named_subs": {},
                "subs": [ ]
              },
              "value": {
                "comments": {},
                "id": "true",
                "named_subs": {},
                "subs": [ ]
              }
            },
            "subs": [ ]
          }
        ]
      }
    },
    {
      "lhs_basename": "value_set::dynamic_object587",
      "lhs_fieldname": ".data",
      "rhs": {
        "comments": {},
        "id": "dynamic_object",
        "named_subs": {
          "type": {
            "comments": {},
            "id": "unsignedbv",
            "named_subs": {
              "width": {
                "comments": {},
                "id": "16",
                "named_subs": {},
                "subs": [ ]
              }
            },
            "subs": [ ]
          }
        },
        "subs": [
          {
            "comments": {},
            "id": "constant",
            "named_subs": {
              "type": {
                "comments": {},
                "id": "natural",
                "named_subs": {},
                "subs": [ ]
              },
              "value": {
                "comments": {},
                "id": "590",
                "named_subs": {},
                "subs": [ ]
              }
            },
            "subs": [ ]
          },
          {
            "comments": {},
            "id": "constant",
            "named_subs": {
              "type": {
                "comments": {},
                "id": "bool",
                "named_subs": {},
                "subs": [ ]
              },
              "value": {
                "comments": {},
                "id": "true",
                "named_subs": {},
                "subs": [ ]
              }
            },
            "subs": [ ]
          }
        ]
      }
    },
    {
      "lhs_basename": "value_set::dynamic_object20888",
      "lhs_fieldname": ".data",
      "rhs": {
        "comments": {},
        "id": "dynamic_object",
        "named_subs": {
          "type": {
            "comments": {
              "#reference": {
                "comments": {},
                "id": "1",
                "named_subs": {},
                "subs": [ ]
              }
            },
            "id": "pointer",
            "named_subs": {},
            "subs": [
              {
                "comments": {},
                "id": "empty",
                "named_subs": {},
                "subs": [ ]
              }
            ]
          }
        },
        "subs": [
          {
            "comments": {},
            "id": "constant",
            "named_subs": {
              "type": {
                "comments": {},
                "id": "natural",
                "named_subs": {},
                "subs": [ ]
              },
              "value": {
                "comments": {},
                "id": "20891",
                "named_subs": {},
                "subs": [ ]
              }
            },
            "subs": [ ]
          },
          {
            "comments": {},
            "id": "constant",
            "named_subs": {
              "type": {
                "comments": {},
                "id": "bool",
                "named_subs": {},
                "subs": [ ]
              },
              "value": {
                "comments": {},
                "id": "true",
                "named_subs": {},
                "subs": [ ]
              }
            },
            "subs": [ ]
          }
        ]
      }
    },
    {
      "lhs_basename": "value_set::dynamic_object22297",
      "lhs_fieldname": ".data",
      "rhs": {
        "comments": {},
        "id": "dynamic_object",
        "named_subs": {
          "type": {
            "comments": {},
            "id": "unsignedbv",
            "named_subs": {
              "width": {
                "comments": {},
                "id": "16",
                "named_subs": {},
                "subs": [ ]
              }
            },
            "subs": [ ]
          }
        },
        "subs": [
          {
            "comments": {},
            "id": "constant",
            "named_subs": {
              "type": {
                "comments": {},
                "id": "natural",
                "named_subs": {},
                "subs": [ ]
              },
              "value": {
                "comments": {},
                "id": "22300",
                "named_subs": {},
                "subs": [ ]
              }
            },
            "subs": [ ]
          },
          {
            "comments": {},
            "id": "constant",
            "named_subs": {
              "type": {
                "comments": {},
                "id": "bool",
                "named_subs": {},
                "subs": [ ]
              },
              "value": {
                "comments": {},
                "id": "true",
                "named_subs": {},
                "subs": [ ]
              }
            },
            "subs": [ ]
          }
        ]
      }
    }
  ]
}