{
  "assigns": [
    {
      "lhs_basename": "external_objects",
      "lhs_fieldname": "[]",
      "rhs": {
        "comments": {
          "#lva_mode": {
            "comments": {},
            "id": "0",
            "named_subs": {},
            "subs": [ ]
          }
        },
        "id": "external-value-set",
        "named_subs": {
          "modified": {
            "comments": {},
            "id": "1",
            "named_subs": {},
            "subs": [ ]
          },
          "type": {
            "comments": {},
            "id": "empty",
            "named_subs": {},
            "subs": [ ]
          }
        },
        "subs": [
          {
            "comments": {},
            "id": "constant",
            "named_subs": {
              "type": {
                "comments": {},
                "id": "string",
                "named_subs": {},
                "subs": [ ]
              },
              "value": {
                "comments": {},
                "id": "java::java.util.HashMap$TreeNode.moveRootToFront:([Ljava/util/HashMap$Node;Ljava/util/HashMap$TreeNode;)V::arg1a",
                "named_subs": {},
                "subs": [ ]
              }
            },
            "subs": [ ]
          }
        ]
      }
    },
    {
      "lhs_basename": "external_objects",
      "lhs_fieldname": ".prev",
      "rhs": {
        "comments": {
          "#lva_mode": {
            "comments": {},
            "id": "0",
            "named_subs": {},
            "subs": [ ]
          }
        },
        "id": "external-value-set",
        "named_subs": {
          "modified": {
            "comments": {},
            "id": "1",
            "named_subs": {},
            "subs": [ ]
          },
          "type": {
            "comments": {
              "#base_name": {
                "comments": {},
                "id": "java.util.HashMap$TreeNode",
                "named_subs": {},
                "subs": [ ]
              }
            },
            "id": "symbol",
            "named_subs": {
              "identifier": {
                "comments": {},
                "id": "java::java.util.HashMap$TreeNode",
                "named_subs": {},
                "subs": [ ]
              }
            },
            "subs": [ ]
          }
        },
        "subs": [
          {
            "comments": {},
            "id": "constant",
            "named_subs": {
              "type": {
                "comments": {},
                "id": "string",
                "named_subs": {},
                "subs": [ ]
              },
              "value": {
                "comments": {},
                "id": "external_objects",
                "named_subs": {},
                "subs": [ ]
              }
            },
            "subs": [ ]
          },
          {
            "comments": {},
            "id": "access-path-entry",
            "named_subs": {
              "access-path-function": {
                "comments": {},
                "id": "java::java.util.HashMap$TreeNode.moveRootToFront:([Ljava/util/HashMap$Node;Ljava/util/HashMap$TreeNode;)V",
                "named_subs": {},
                "subs": [ ]
              },
              "access-path-label": {
                "comments": {},
                "id": ".prev",
                "named_subs": {},
                "subs": [ ]
              },
              "access-path-loc": {
                "comments": {},
                "id": "16516",
                "named_subs": {},
                "subs": [ ]
              }
            },
            "subs": [ ]
          }
        ]
      }
    },
    {
      "lhs_basename": "external_objects",
      "lhs_fieldname": ".prev",
      "rhs": {
        "comments": {
          "#lva_mode": {
            "comments": {},
            "id": "0",
            "named_subs": {},
            "subs": [ ]
          }
        },
        "id": "external-value-set",
        "named_subs": {
          "modified": {
            "comments": {},
            "id": "1",
            "named_subs": {},
            "subs": [ ]
          },
          "type": {
            "comments": {
              "#base_name": {
                "comments": {},
                "id": "java.util.HashMap$TreeNode",
                "named_subs": {},
                "subs": [ ]
              }
            },
            "id": "symbol",
            "named_subs": {
              "identifier": {
                "comments": {},
                "id": "java::java.util.HashMap$TreeNode",
                "named_subs": {},
                "subs": [ ]
              }
            },
            "subs": [ ]
          }
        },
        "subs": [
          {
            "comments": {},
            "id": "constant",
            "named_subs": {
              "type": {
                "comments": {},
                "id": "string",
                "named_subs": {},
                "subs": [ ]
              },
              "value": {
                "comments": {},
                "id": "java::java.util.HashMap$TreeNode.moveRootToFront:([Ljava/util/HashMap$Node;Ljava/util/HashMap$TreeNode;)V::arg1a",
                "named_subs": {},
                "subs": [ ]
              }
            },
            "subs": [ ]
          }
        ]
      }
    },
    {
      "lhs_basename": "external_objects",
      "lhs_fieldname": ".@java.util.LinkedHashMap$Entry.@java.util.HashMap$Node.next",
      "rhs": {
        "comments": {
          "#lva_mode": {
            "comments": {},
            "id": "0",
            "named_subs": {},
            "subs": [ ]
          }
        },
        "id": "external-value-set",
        "named_subs": {
          "modified": {
            "comments": {},
            "id": "1",
            "named_subs": {},
            "subs": [ ]
          },
          "type": {
            "comments": {
              "#base_name": {
                "comments": {},
                "id": "java.util.HashMap$Node",
                "named_subs": {},
                "subs": [ ]
              }
            },
            "id": "symbol",
            "named_subs": {
              "identifier": {
                "comments": {},
                "id": "java::java.util.HashMap$Node",
                "named_subs": {},
                "subs": [ ]
              }
            },
            "subs": [ ]
          }
        },
        "subs": [
          {
            "comments": {},
            "id": "constant",
            "named_subs": {
              "type": {
                "comments": {},
                "id": "string",
                "named_subs": {},
                "subs": [ ]
              },
              "value": {
                "comments": {},
                "id": "external_objects",
                "named_subs": {},
                "subs": [ ]
              }
            },
            "subs": [ ]
          },
          {
            "comments": {},
            "id": "access-path-entry",
            "named_subs": {
              "access-path-function": {
                "comments": {},
                "id": "java::java.util.HashMap$TreeNode.moveRootToFront:([Ljava/util/HashMap$Node;Ljava/util/HashMap$TreeNode;)V",
                "named_subs": {},
                "subs": [ ]
              },
              "access-path-label": {
                "comments": {},
                "id": ".@java.util.LinkedHashMap$Entry.@java.util.HashMap$Node.next",
                "named_subs": {},
                "subs": [ ]
              },
              "access-path-loc": {
                "comments": {},
                "id": "16517",
                "named_subs": {},
                "subs": [ ]
              }
            },
            "subs": [ ]
          }
        ]
      }
    },
    {
      "lhs_basename": "external_objects",
      "lhs_fieldname": ".@java.util.LinkedHashMap$Entry.@java.util.HashMap$Node.next",
      "rhs": {
        "comments": {
          "#lva_mode": {
            "comments": {},
            "id": "0",
            "named_subs": {},
            "subs": [ ]
          }
        },
        "id": "external-value-set",
        "named_subs": {
          "modified": {
            "comments": {},
            "id": "1",
            "named_subs": {},
            "subs": [ ]
          },
          "type": {
            "comments": {
              "#base_name": {
                "comments": {},
                "id": "java.util.HashMap$Node",
                "named_subs": {},
                "subs": [ ]
              }
            },
            "id": "symbol",
            "named_subs": {
              "identifier": {
                "comments": {},
                "id": "java::java.util.HashMap$Node",
                "named_subs": {},
                "subs": [ ]
              }
            },
            "subs": [ ]
          }
        },
        "subs": [
          {
            "comments": {},
            "id": "constant",
            "named_subs": {
              "type": {
                "comments": {},
                "id": "string",
                "named_subs": {},
                "subs": [ ]
              },
              "value": {
                "comments": {},
                "id": "external_objects",
                "named_subs": {},
                "subs": [ ]
              }
            },
            "subs": [ ]
          },
          {
            "comments": {},
            "id": "access-path-entry",
            "named_subs": {
              "access-path-function": {
                "comments": {},
                "id": "",
                "named_subs": {},
                "subs": [ ]
              },
              "access-path-label": {
                "comments": {},
                "id": "[]",
                "named_subs": {},
                "subs": [ ]
              },
              "access-path-loc": {
                "comments": {},
                "id": "16503",
                "named_subs": {},
                "subs": [ ]
              }
            },
            "subs": [ ]
          }
        ]
      }
    }
  ]
}