{
  "assigns": [
    {
      "lhs_basename": "java::java.util.AbstractList.outOfBoundsMsg:(I)Ljava/lang/String;#return_value",
      "lhs_fieldname": "",
      "rhs": {
        "comments": {},
        "id": "dynamic_object",
        "named_subs": {
          "type": {
            "comments": {
              "#base_name": {
                "comments": {},
                "id": "java.lang.String",
                "named_subs": {},
                "subs": [ ]
              }
            },
            "id": "symbol",
            "named_subs": {
              "identifier": {
                "comments": {},
                "id": "java::java.lang.String",
                "named_subs": {},
                "subs": [ ]
              }
            },
            "subs": [ ]
          }
        },
        "subs": [
          {
            "comments": {},
            "id": "constant",
            "named_subs": {
              "type": {
                "comments": {},
                "id": "natural",
                "named_subs": {},
                "subs": [ ]
              },
              "value": {
                "comments": {},
                "id": "381",
                "named_subs": {},
                "subs": [ ]
              }
            },
            "subs": [ ]
          },
          {
            "comments": {},
            "id": "constant",
            "named_subs": {
              "type": {
                "comments": {},
                "id": "bool",
                "named_subs": {},
                "subs": [ ]
              },
              "value": {
                "comments": {},
                "id": "true",
                "named_subs": {},
                "subs": [ ]
              }
            },
            "subs": [ ]
          }
        ]
      }
    },
    {
      "lhs_basename": "value_set::dynamic_object665",
      "lhs_fieldname": ".data",
      "rhs": {
        "comments": {},
        "id": "dynamic_object",
        "named_subs": {
          "type": {
            "comments": {},
            "id": "unsignedbv",
            "named_subs": {
              "width": {
                "comments": {},
                "id": "16",
                "named_subs": {},
                "subs": [ ]
              }
            },
            "subs": [ ]
          }
        },
        "subs": [
          {
            "comments": {},
            "id": "constant",
            "named_subs": {
              "type": {
                "comments": {},
                "id": "natural",
                "named_subs": {},
                "subs": [ ]
              },
              "value": {
                "comments": {},
                "id": "668",
                "named_subs": {},
                "subs": [ ]
              }
            },
            "subs": [ ]
          },
          {
            "comments": {},
            "id": "constant",
            "named_subs": {
              "type": {
                "comments": {},
                "id": "bool",
                "named_subs": {},
                "subs": [ ]
              },
              "value": {
                "comments": {},
                "id": "true",
                "named_subs": {},
                "subs": [ ]
              }
            },
            "subs": [ ]
          }
        ]
      }
    },
    {
      "lhs_basename": "value_set::dynamic_object381",
      "lhs_fieldname": ".value",
      "rhs": {
        "comments": {},
        "id": "dynamic_object",
        "named_subs": {
          "type": {
            "comments": {
              "#base_name": {
                "comments": {},
                "id": "array[char]",
                "named_subs": {},
                "subs": [ ]
              },
              "#element_type": {
                "comments": {},
                "id": "unsignedbv",
                "named_subs": {
                  "width": {
                    "comments": {},
                    "id": "16",
                    "named_subs": {},
                    "subs": [ ]
                  }
                },
                "subs": [ ]
              }
            },
            "id": "symbol",
            "named_subs": {
              "identifier": {
                "comments": {},
                "id": "java::array[char]",
                "named_subs": {},
                "subs": [ ]
              }
            },
            "subs": [ ]
          }
        },
        "subs": [
          {
            "comments": {},
            "id": "constant",
            "named_subs": {
              "type": {
                "comments": {},
                "id": "natural",
                "named_subs": {},
                "subs": [ ]
              },
              "value": {
                "comments": {},
                "id": "665",
                "named_subs": {},
                "subs": [ ]
              }
            },
            "subs": [ ]
          },
          {
            "comments": {},
            "id": "constant",
            "named_subs": {
              "type": {
                "comments": {},
                "id": "bool",
                "named_subs": {},
                "subs": [ ]
              },
              "value": {
                "comments": {},
                "id": "true",
                "named_subs": {},
                "subs": [ ]
              }
            },
            "subs": [ ]
          }
        ]
      }
    }
  ]
}