{
  "assigns": [
    {
      "lhs_basename": "external_objects",
      "lhs_fieldname": ".value",
      "rhs": {
        "comments": {},
        "id": "dynamic_object",
        "named_subs": {
          "type": {
            "comments": {
              "#base_name": {
                "comments": {},
                "id": "array[char]",
                "named_subs": {},
                "subs": [ ]
              },
              "#element_type": {
                "comments": {},
                "id": "unsignedbv",
                "named_subs": {
                  "width": {
                    "comments": {},
                    "id": "16",
                    "named_subs": {},
                    "subs": [ ]
                  }
                },
                "subs": [ ]
              }
            },
            "id": "symbol",
            "named_subs": {
              "identifier": {
                "comments": {},
                "id": "java::array[char]",
                "named_subs": {},
                "subs": [ ]
              }
            },
            "subs": [ ]
          }
        },
        "subs": [
          {
            "comments": {},
            "id": "constant",
            "named_subs": {
              "type": {
                "comments": {},
                "id": "natural",
                "named_subs": {},
                "subs": [ ]
              },
              "value": {
                "comments": {},
                "id": "665",
                "named_subs": {},
                "subs": [ ]
              }
            },
            "subs": [ ]
          },
          {
            "comments": {},
            "id": "constant",
            "named_subs": {
              "type": {
                "comments": {},
                "id": "bool",
                "named_subs": {},
                "subs": [ ]
              },
              "value": {
                "comments": {},
                "id": "true",
                "named_subs": {},
                "subs": [ ]
              }
            },
            "subs": [ ]
          }
        ]
      }
    },
    {
      "lhs_basename": "external_objects",
      "lhs_fieldname": ".value",
      "rhs": {
        "comments": {
          "#lva_mode": {
            "comments": {},
            "id": "0",
            "named_subs": {},
            "subs": [ ]
          }
        },
        "id": "external-value-set",
        "named_subs": {
          "modified": {
            "comments": {},
            "id": "1",
            "named_subs": {},
            "subs": [ ]
          },
          "type": {
            "comments": {
              "#base_name": {
                "comments": {},
                "id": "array[char]",
                "named_subs": {},
                "subs": [ ]
              },
              "#element_type": {
                "comments": {},
                "id": "unsignedbv",
                "named_subs": {
                  "width": {
                    "comments": {},
                    "id": "16",
                    "named_subs": {},
                    "subs": [ ]
                  }
                },
                "subs": [ ]
              }
            },
            "id": "symbol",
            "named_subs": {
              "identifier": {
                "comments": {},
                "id": "java::array[char]",
                "named_subs": {},
                "subs": [ ]
              }
            },
            "subs": [ ]
          }
        },
        "subs": [
          {
            "comments": {},
            "id": "constant",
            "named_subs": {
              "type": {
                "comments": {},
                "id": "string",
                "named_subs": {},
                "subs": [ ]
              },
              "value": {
                "comments": {},
                "id": "external_objects",
                "named_subs": {},
                "subs": [ ]
              }
            },
            "subs": [ ]
          },
          {
            "comments": {},
            "id": "access-path-entry",
            "named_subs": {
              "access-path-function": {
                "comments": {},
                "id": "java::java.lang.String.<init>:([CII)V",
                "named_subs": {},
                "subs": [ ]
              },
              "access-path-label": {
                "comments": {},
                "id": ".value",
                "named_subs": {},
                "subs": [ ]
              },
              "access-path-loc": {
                "comments": {},
                "id": "914",
                "named_subs": {},
                "subs": [ ]
              }
            },
            "subs": [ ]
          }
        ]
      }
    },
    {
      "lhs_basename": "value_set::dynamic_object665",
      "lhs_fieldname": ".data",
      "rhs": {
        "comments": {},
        "id": "dynamic_object",
        "named_subs": {
          "type": {
            "comments": {},
            "id": "unsignedbv",
            "named_subs": {
              "width": {
                "comments": {},
                "id": "16",
                "named_subs": {},
                "subs": [ ]
              }
            },
            "subs": [ ]
          }
        },
        "subs": [
          {
            "comments": {},
            "id": "constant",
            "named_subs": {
              "type": {
                "comments": {},
                "id": "natural",
                "named_subs": {},
                "subs": [ ]
              },
              "value": {
                "comments": {},
                "id": "668",
                "named_subs": {},
                "subs": [ ]
              }
            },
            "subs": [ ]
          },
          {
            "comments": {},
            "id": "constant",
            "named_subs": {
              "type": {
                "comments": {},
                "id": "bool",
                "named_subs": {},
                "subs": [ ]
              },
              "value": {
                "comments": {},
                "id": "true",
                "named_subs": {},
                "subs": [ ]
              }
            },
            "subs": [ ]
          }
        ]
      }
    }
  ]
}