{
  "assigns": [
    {
      "lhs_basename": "external_objects",
      "lhs_fieldname": ".buf",
      "rhs": {
        "comments": {},
        "id": "dynamic_object",
        "named_subs": {
          "type": {
            "comments": {
              "#base_name": {
                "comments": {},
                "id": "array[byte]",
                "named_subs": {},
                "subs": [ ]
              },
              "#element_type": {
                "comments": {},
                "id": "signedbv",
                "named_subs": {
                  "width": {
                    "comments": {},
                    "id": "8",
                    "named_subs": {},
                    "subs": [ ]
                  }
                },
                "subs": [ ]
              }
            },
            "id": "symbol",
            "named_subs": {
              "identifier": {
                "comments": {},
                "id": "java::array[byte]",
                "named_subs": {},
                "subs": [ ]
              }
            },
            "subs": [ ]
          }
        },
        "subs": [
          {
            "comments": {},
            "id": "constant",
            "named_subs": {
              "type": {
                "comments": {},
                "id": "natural",
                "named_subs": {},
                "subs": [ ]
              },
              "value": {
                "comments": {},
                "id": "7412",
                "named_subs": {},
                "subs": [ ]
              }
            },
            "subs": [ ]
          },
          {
            "comments": {},
            "id": "constant",
            "named_subs": {
              "type": {
                "comments": {},
                "id": "bool",
                "named_subs": {},
                "subs": [ ]
              },
              "value": {
                "comments": {},
                "id": "true",
                "named_subs": {},
                "subs": [ ]
              }
            },
            "subs": [ ]
          }
        ]
      }
    },
    {
      "lhs_basename": "value_set::dynamic_object7368",
      "lhs_fieldname": ".data",
      "rhs": {
        "comments": {},
        "id": "dynamic_object",
        "named_subs": {
          "type": {
            "comments": {},
            "id": "signedbv",
            "named_subs": {
              "width": {
                "comments": {},
                "id": "8",
                "named_subs": {},
                "subs": [ ]
              }
            },
            "subs": [ ]
          }
        },
        "subs": [
          {
            "comments": {},
            "id": "constant",
            "named_subs": {
              "type": {
                "comments": {},
                "id": "natural",
                "named_subs": {},
                "subs": [ ]
              },
              "value": {
                "comments": {},
                "id": "7371",
                "named_subs": {},
                "subs": [ ]
              }
            },
            "subs": [ ]
          },
          {
            "comments": {},
            "id": "constant",
            "named_subs": {
              "type": {
                "comments": {},
                "id": "bool",
                "named_subs": {},
                "subs": [ ]
              },
              "value": {
                "comments": {},
                "id": "true",
                "named_subs": {},
                "subs": [ ]
              }
            },
            "subs": [ ]
          }
        ]
      }
    },
    {
      "lhs_basename": "external_objects",
      "lhs_fieldname": ".singleByteBuf",
      "rhs": {
        "comments": {},
        "id": "dynamic_object",
        "named_subs": {
          "type": {
            "comments": {
              "#base_name": {
                "comments": {},
                "id": "array[byte]",
                "named_subs": {},
                "subs": [ ]
              },
              "#element_type": {
                "comments": {},
                "id": "signedbv",
                "named_subs": {
                  "width": {
                    "comments": {},
                    "id": "8",
                    "named_subs": {},
                    "subs": [ ]
                  }
                },
                "subs": [ ]
              }
            },
            "id": "symbol",
            "named_subs": {
              "identifier": {
                "comments": {},
                "id": "java::array[byte]",
                "named_subs": {},
                "subs": [ ]
              }
            },
            "subs": [ ]
          }
        },
        "subs": [
          {
            "comments": {},
            "id": "constant",
            "named_subs": {
              "type": {
                "comments": {},
                "id": "natural",
                "named_subs": {},
                "subs": [ ]
              },
              "value": {
                "comments": {},
                "id": "7368",
                "named_subs": {},
                "subs": [ ]
              }
            },
            "subs": [ ]
          },
          {
            "comments": {},
            "id": "constant",
            "named_subs": {
              "type": {
                "comments": {},
                "id": "bool",
                "named_subs": {},
                "subs": [ ]
              },
              "value": {
                "comments": {},
                "id": "true",
                "named_subs": {},
                "subs": [ ]
              }
            },
            "subs": [ ]
          }
        ]
      }
    },
    {
      "lhs_basename": "value_set::dynamic_object7378",
      "lhs_fieldname": ".data",
      "rhs": {
        "comments": {},
        "id": "dynamic_object",
        "named_subs": {
          "type": {
            "comments": {},
            "id": "signedbv",
            "named_subs": {
              "width": {
                "comments": {},
                "id": "8",
                "named_subs": {},
                "subs": [ ]
              }
            },
            "subs": [ ]
          }
        },
        "subs": [
          {
            "comments": {},
            "id": "constant",
            "named_subs": {
              "type": {
                "comments": {},
                "id": "natural",
                "named_subs": {},
                "subs": [ ]
              },
              "value": {
                "comments": {},
                "id": "7381",
                "named_subs": {},
                "subs": [ ]
              }
            },
            "subs": [ ]
          },
          {
            "comments": {},
            "id": "constant",
            "named_subs": {
              "type": {
                "comments": {},
                "id": "bool",
                "named_subs": {},
                "subs": [ ]
              },
              "value": {
                "comments": {},
                "id": "true",
                "named_subs": {},
                "subs": [ ]
              }
            },
            "subs": [ ]
          }
        ]
      }
    },
    {
      "lhs_basename": "external_objects",
      "lhs_fieldname": ".b",
      "rhs": {
        "comments": {},
        "id": "dynamic_object",
        "named_subs": {
          "type": {
            "comments": {
              "#base_name": {
                "comments": {},
                "id": "array[byte]",
                "named_subs": {},
                "subs": [ ]
              },
              "#element_type": {
                "comments": {},
                "id": "signedbv",
                "named_subs": {
                  "width": {
                    "comments": {},
                    "id": "8",
                    "named_subs": {},
                    "subs": [ ]
                  }
                },
                "subs": [ ]
              }
            },
            "id": "symbol",
            "named_subs": {
              "identifier": {
                "comments": {},
                "id": "java::array[byte]",
                "named_subs": {},
                "subs": [ ]
              }
            },
            "subs": [ ]
          }
        },
        "subs": [
          {
            "comments": {},
            "id": "constant",
            "named_subs": {
              "type": {
                "comments": {},
                "id": "natural",
                "named_subs": {},
                "subs": [ ]
              },
              "value": {
                "comments": {},
                "id": "7378",
                "named_subs": {},
                "subs": [ ]
              }
            },
            "subs": [ ]
          },
          {
            "comments": {},
            "id": "constant",
            "named_subs": {
              "type": {
                "comments": {},
                "id": "bool",
                "named_subs": {},
                "subs": [ ]
              },
              "value": {
                "comments": {},
                "id": "true",
                "named_subs": {},
                "subs": [ ]
              }
            },
            "subs": [ ]
          }
        ]
      }
    },
    {
      "lhs_basename": "external_objects",
      "lhs_fieldname": ".inf",
      "rhs": {
        "comments": {
          "#lva_mode": {
            "comments": {},
            "id": "0",
            "named_subs": {},
            "subs": [ ]
          }
        },
        "id": "external-value-set",
        "named_subs": {
          "modified": {
            "comments": {},
            "id": "1",
            "named_subs": {},
            "subs": [ ]
          },
          "type": {
            "comments": {
              "#base_name": {
                "comments": {},
                "id": "java.util.zip.Inflater",
                "named_subs": {},
                "subs": [ ]
              }
            },
            "id": "symbol",
            "named_subs": {
              "identifier": {
                "comments": {},
                "id": "java::java.util.zip.Inflater",
                "named_subs": {},
                "subs": [ ]
              }
            },
            "subs": [ ]
          }
        },
        "subs": [
          {
            "comments": {},
            "id": "constant",
            "named_subs": {
              "type": {
                "comments": {},
                "id": "string",
                "named_subs": {},
                "subs": [ ]
              },
              "value": {
                "comments": {},
                "id": "java::java.util.zip.InflaterInputStream.<init>:(Ljava/io/InputStream;Ljava/util/zip/Inflater;I)V::arg2a",
                "named_subs": {},
                "subs": [ ]
              }
            },
            "subs": [ ]
          }
        ]
      }
    },
    {
      "lhs_basename": "value_set::dynamic_object7412",
      "lhs_fieldname": ".data",
      "rhs": {
        "comments": {},
        "id": "dynamic_object",
        "named_subs": {
          "type": {
            "comments": {},
            "id": "signedbv",
            "named_subs": {
              "width": {
                "comments": {},
                "id": "8",
                "named_subs": {},
                "subs": [ ]
              }
            },
            "subs": [ ]
          }
        },
        "subs": [
          {
            "comments": {},
            "id": "constant",
            "named_subs": {
              "type": {
                "comments": {},
                "id": "natural",
                "named_subs": {},
                "subs": [ ]
              },
              "value": {
                "comments": {},
                "id": "7415",
                "named_subs": {},
                "subs": [ ]
              }
            },
            "subs": [ ]
          },
          {
            "comments": {},
            "id": "constant",
            "named_subs": {
              "type": {
                "comments": {},
                "id": "bool",
                "named_subs": {},
                "subs": [ ]
              },
              "value": {
                "comments": {},
                "id": "true",
                "named_subs": {},
                "subs": [ ]
              }
            },
            "subs": [ ]
          }
        ]
      }
    }
  ]
}