{
  "assigns": [
    {
      "lhs_basename": "external_objects",
      "lhs_fieldname": ".buf",
      "rhs": {
        "comments": {
          "#lva_mode": {
            "comments": {},
            "id": "0",
            "named_subs": {},
            "subs": [ ]
          }
        },
        "id": "external-value-set",
        "named_subs": {
          "modified": {
            "comments": {},
            "id": "1",
            "named_subs": {},
            "subs": [ ]
          },
          "type": {
            "comments": {
              "#base_name": {
                "comments": {},
                "id": "array[byte]",
                "named_subs": {},
                "subs": [ ]
              },
              "#element_type": {
                "comments": {},
                "id": "signedbv",
                "named_subs": {
                  "width": {
                    "comments": {},
                    "id": "8",
                    "named_subs": {},
                    "subs": [ ]
                  }
                },
                "subs": [ ]
              }
            },
            "id": "symbol",
            "named_subs": {
              "identifier": {
                "comments": {},
                "id": "java::array[byte]",
                "named_subs": {},
                "subs": [ ]
              }
            },
            "subs": [ ]
          }
        },
        "subs": [
          {
            "comments": {},
            "id": "constant",
            "named_subs": {
              "type": {
                "comments": {},
                "id": "string",
                "named_subs": {},
                "subs": [ ]
              },
              "value": {
                "comments": {},
                "id": "java::java.util.zip.Inflater.setInput:([BII)V::arg1a",
                "named_subs": {},
                "subs": [ ]
              }
            },
            "subs": [ ]
          }
        ]
      }
    }
  ]
}