{
  "assigns": [
    {
      "lhs_basename": "external_objects",
      "lhs_fieldname": ".right",
      "rhs": {
        "comments": {
          "#lva_mode": {
            "comments": {},
            "id": "0",
            "named_subs": {},
            "subs": [ ]
          }
        },
        "id": "external-value-set",
        "named_subs": {
          "modified": {
            "comments": {},
            "id": "1",
            "named_subs": {},
            "subs": [ ]
          },
          "type": {
            "comments": {
              "#base_name": {
                "comments": {},
                "id": "java.util.HashMap$TreeNode",
                "named_subs": {},
                "subs": [ ]
              }
            },
            "id": "symbol",
            "named_subs": {
              "identifier": {
                "comments": {},
                "id": "java::java.util.HashMap$TreeNode",
                "named_subs": {},
                "subs": [ ]
              }
            },
            "subs": [ ]
          }
        },
        "subs": [
          {
            "comments": {},
            "id": "constant",
            "named_subs": {
              "type": {
                "comments": {},
                "id": "string",
                "named_subs": {},
                "subs": [ ]
              },
              "value": {
                "comments": {},
                "id": "external_objects",
                "named_subs": {},
                "subs": [ ]
              }
            },
            "subs": [ ]
          },
          {
            "comments": {},
            "id": "access-path-entry",
            "named_subs": {
              "access-path-function": {
                "comments": {},
                "id": "java::java.util.HashMap$TreeNode.rotateLeft:(Ljava/util/HashMap$TreeNode;Ljava/util/HashMap$TreeNode;)Ljava/util/HashMap$TreeNode;",
                "named_subs": {},
                "subs": [ ]
              },
              "access-path-label": {
                "comments": {},
                "id": ".left",
                "named_subs": {},
                "subs": [ ]
              },
              "access-path-loc": {
                "comments": {},
                "id": "16596",
                "named_subs": {},
                "subs": [ ]
              }
            },
            "subs": [ ]
          }
        ]
      }
    },
    {
      "lhs_basename": "external_objects",
      "lhs_fieldname": ".right",
      "rhs": {
        "comments": {
          "#lva_mode": {
            "comments": {},
            "id": "0",
            "named_subs": {},
            "subs": [ ]
          }
        },
        "id": "external-value-set",
        "named_subs": {
          "modified": {
            "comments": {},
            "id": "1",
            "named_subs": {},
            "subs": [ ]
          },
          "type": {
            "comments": {
              "#base_name": {
                "comments": {},
                "id": "java.util.HashMap$TreeNode",
                "named_subs": {},
                "subs": [ ]
              }
            },
            "id": "symbol",
            "named_subs": {
              "identifier": {
                "comments": {},
                "id": "java::java.util.HashMap$TreeNode",
                "named_subs": {},
                "subs": [ ]
              }
            },
            "subs": [ ]
          }
        },
        "subs": [
          {
            "comments": {},
            "id": "constant",
            "named_subs": {
              "type": {
                "comments": {},
                "id": "string",
                "named_subs": {},
                "subs": [ ]
              },
              "value": {
                "comments": {},
                "id": "external_objects",
                "named_subs": {},
                "subs": [ ]
              }
            },
            "subs": [ ]
          },
          {
            "comments": {},
            "id": "access-path-entry",
            "named_subs": {
              "access-path-function": {
                "comments": {},
                "id": "java::java.util.HashMap$TreeNode.rotateLeft:(Ljava/util/HashMap$TreeNode;Ljava/util/HashMap$TreeNode;)Ljava/util/HashMap$TreeNode;",
                "named_subs": {},
                "subs": [ ]
              },
              "access-path-label": {
                "comments": {},
                "id": ".right",
                "named_subs": {},
                "subs": [ ]
              },
              "access-path-loc": {
                "comments": {},
                "id": "16590",
                "named_subs": {},
                "subs": [ ]
              }
            },
            "subs": [ ]
          }
        ]
      }
    },
    {
      "lhs_basename": "external_objects",
      "lhs_fieldname": ".left",
      "rhs": {
        "comments": {
          "#lva_mode": {
            "comments": {},
            "id": "0",
            "named_subs": {},
            "subs": [ ]
          }
        },
        "id": "external-value-set",
        "named_subs": {
          "modified": {
            "comments": {},
            "id": "1",
            "named_subs": {},
            "subs": [ ]
          },
          "type": {
            "comments": {
              "#base_name": {
                "comments": {},
                "id": "java.util.HashMap$TreeNode",
                "named_subs": {},
                "subs": [ ]
              }
            },
            "id": "symbol",
            "named_subs": {
              "identifier": {
                "comments": {},
                "id": "java::java.util.HashMap$TreeNode",
                "named_subs": {},
                "subs": [ ]
              }
            },
            "subs": [ ]
          }
        },
        "subs": [
          {
            "comments": {},
            "id": "constant",
            "named_subs": {
              "type": {
                "comments": {},
                "id": "string",
                "named_subs": {},
                "subs": [ ]
              },
              "value": {
                "comments": {},
                "id": "java::java.util.HashMap$TreeNode.rotateLeft:(Ljava/util/HashMap$TreeNode;Ljava/util/HashMap$TreeNode;)Ljava/util/HashMap$TreeNode;::arg1a",
                "named_subs": {},
                "subs": [ ]
              }
            },
            "subs": [ ]
          }
        ]
      }
    },
    {
      "lhs_basename": "external_objects",
      "lhs_fieldname": ".left",
      "rhs": {
        "comments": {
          "#lva_mode": {
            "comments": {},
            "id": "0",
            "named_subs": {},
            "subs": [ ]
          }
        },
        "id": "external-value-set",
        "named_subs": {
          "modified": {
            "comments": {},
            "id": "1",
            "named_subs": {},
            "subs": [ ]
          },
          "type": {
            "comments": {
              "#base_name": {
                "comments": {},
                "id": "java.util.HashMap$TreeNode",
                "named_subs": {},
                "subs": [ ]
              }
            },
            "id": "symbol",
            "named_subs": {
              "identifier": {
                "comments": {},
                "id": "java::java.util.HashMap$TreeNode",
                "named_subs": {},
                "subs": [ ]
              }
            },
            "subs": [ ]
          }
        },
        "subs": [
          {
            "comments": {},
            "id": "constant",
            "named_subs": {
              "type": {
                "comments": {},
                "id": "string",
                "named_subs": {},
                "subs": [ ]
              },
              "value": {
                "comments": {},
                "id": "external_objects",
                "named_subs": {},
                "subs": [ ]
              }
            },
            "subs": [ ]
          },
          {
            "comments": {},
            "id": "access-path-entry",
            "named_subs": {
              "access-path-function": {
                "comments": {},
                "id": "java::java.util.HashMap$TreeNode.rotateLeft:(Ljava/util/HashMap$TreeNode;Ljava/util/HashMap$TreeNode;)Ljava/util/HashMap$TreeNode;",
                "named_subs": {},
                "subs": [ ]
              },
              "access-path-label": {
                "comments": {},
                "id": ".right",
                "named_subs": {},
                "subs": [ ]
              },
              "access-path-loc": {
                "comments": {},
                "id": "16590",
                "named_subs": {},
                "subs": [ ]
              }
            },
            "subs": [ ]
          }
        ]
      }
    },
    {
      "lhs_basename": "external_objects",
      "lhs_fieldname": ".parent",
      "rhs": {
        "comments": {
          "#lva_mode": {
            "comments": {},
            "id": "0",
            "named_subs": {},
            "subs": [ ]
          }
        },
        "id": "external-value-set",
        "named_subs": {
          "modified": {
            "comments": {},
            "id": "1",
            "named_subs": {},
            "subs": [ ]
          },
          "type": {
            "comments": {
              "#base_name": {
                "comments": {},
                "id": "java.util.HashMap$TreeNode",
                "named_subs": {},
                "subs": [ ]
              }
            },
            "id": "symbol",
            "named_subs": {
              "identifier": {
                "comments": {},
                "id": "java::java.util.HashMap$TreeNode",
                "named_subs": {},
                "subs": [ ]
              }
            },
            "subs": [ ]
          }
        },
        "subs": [
          {
            "comments": {},
            "id": "constant",
            "named_subs": {
              "type": {
                "comments": {},
                "id": "string",
                "named_subs": {},
                "subs": [ ]
              },
              "value": {
                "comments": {},
                "id": "java::java.util.HashMap$TreeNode.rotateLeft:(Ljava/util/HashMap$TreeNode;Ljava/util/HashMap$TreeNode;)Ljava/util/HashMap$TreeNode;::arg1a",
                "named_subs": {},
                "subs": [ ]
              }
            },
            "subs": [ ]
          }
        ]
      }
    },
    {
      "lhs_basename": "external_objects",
      "lhs_fieldname": ".parent",
      "rhs": {
        "comments": {
          "#lva_mode": {
            "comments": {},
            "id": "0",
            "named_subs": {},
            "subs": [ ]
          }
        },
        "id": "external-value-set",
        "named_subs": {
          "modified": {
            "comments": {},
            "id": "1",
            "named_subs": {},
            "subs": [ ]
          },
          "type": {
            "comments": {
              "#base_name": {
                "comments": {},
                "id": "java.util.HashMap$TreeNode",
                "named_subs": {},
                "subs": [ ]
              }
            },
            "id": "symbol",
            "named_subs": {
              "identifier": {
                "comments": {},
                "id": "java::java.util.HashMap$TreeNode",
                "named_subs": {},
                "subs": [ ]
              }
            },
            "subs": [ ]
          }
        },
        "subs": [
          {
            "comments": {},
            "id": "constant",
            "named_subs": {
              "type": {
                "comments": {},
                "id": "string",
                "named_subs": {},
                "subs": [ ]
              },
              "value": {
                "comments": {},
                "id": "external_objects",
                "named_subs": {},
                "subs": [ ]
              }
            },
            "subs": [ ]
          },
          {
            "comments": {},
            "id": "access-path-entry",
            "named_subs": {
              "access-path-function": {
                "comments": {},
                "id": "java::java.util.HashMap$TreeNode.rotateLeft:(Ljava/util/HashMap$TreeNode;Ljava/util/HashMap$TreeNode;)Ljava/util/HashMap$TreeNode;",
                "named_subs": {},
                "subs": [ ]
              },
              "access-path-label": {
                "comments": {},
                "id": ".parent",
                "named_subs": {},
                "subs": [ ]
              },
              "access-path-loc": {
                "comments": {},
                "id": "16602",
                "named_subs": {},
                "subs": [ ]
              }
            },
            "subs": [ ]
          }
        ]
      }
    },
    {
      "lhs_basename": "external_objects",
      "lhs_fieldname": ".parent",
      "rhs": {
        "comments": {
          "#lva_mode": {
            "comments": {},
            "id": "0",
            "named_subs": {},
            "subs": [ ]
          }
        },
        "id": "external-value-set",
        "named_subs": {
          "modified": {
            "comments": {},
            "id": "1",
            "named_subs": {},
            "subs": [ ]
          },
          "type": {
            "comments": {
              "#base_name": {
                "comments": {},
                "id": "java.util.HashMap$TreeNode",
                "named_subs": {},
                "subs": [ ]
              }
            },
            "id": "symbol",
            "named_subs": {
              "identifier": {
                "comments": {},
                "id": "java::java.util.HashMap$TreeNode",
                "named_subs": {},
                "subs": [ ]
              }
            },
            "subs": [ ]
          }
        },
        "subs": [
          {
            "comments": {},
            "id": "constant",
            "named_subs": {
              "type": {
                "comments": {},
                "id": "string",
                "named_subs": {},
                "subs": [ ]
              },
              "value": {
                "comments": {},
                "id": "external_objects",
                "named_subs": {},
                "subs": [ ]
              }
            },
            "subs": [ ]
          },
          {
            "comments": {},
            "id": "access-path-entry",
            "named_subs": {
              "access-path-function": {
                "comments": {},
                "id": "java::java.util.HashMap$TreeNode.rotateLeft:(Ljava/util/HashMap$TreeNode;Ljava/util/HashMap$TreeNode;)Ljava/util/HashMap$TreeNode;",
                "named_subs": {},
                "subs": [ ]
              },
              "access-path-label": {
                "comments": {},
                "id": ".right",
                "named_subs": {},
                "subs": [ ]
              },
              "access-path-loc": {
                "comments": {},
                "id": "16590",
                "named_subs": {},
                "subs": [ ]
              }
            },
            "subs": [ ]
          }
        ]
      }
    }
  ]
}