{
  "table-files": [
    {
      "file-name": "AssignmentAction.java",
      "functions": [
        {
          "LVSA-duration": 0.000195655,
          "LVSA-num-fixpoint-steps": 2,
          "LVSA-num-processed-rules-of-used-callee-summaries": 0,
          "LVSA-num-uses-of-callee-summaries": 0,
          "TA-duration": 4.2985e-05,
          "TA-num-fixpoint-steps": 2,
          "TA-num-processed-rules-of-used-callee-summaries": 0,
          "TA-num-rules-in-domain": 0,
          "TA-num-rules-in-input": 0,
          "TA-num-rules-in-output": 0,
          "TA-num-uses-of-callee-summaries": 0,
          "TA-num-uses-of-own-summary": 0,
          "function-name": "java::AssignmentAction.<init>:()V",
          "num-DEAD-statements": 0,
          "num-GOTO-unconditional-statements": 0,
          "num-NONDET-calls": 0,
          "num-SKIP-statements": 0,
          "num-StringBuilder-locations": 0,
          "num-auxiliary-locations": 0,
          "num-decl-axiliary-assigns": 0,
          "num-decl-axiliary-vars": 0,
          "num-decl-locations": 0,
          "num-locations": 2,
          "num-taint-sanitisers": 0,
          "num-taint-sinks": 0,
          "num-taint-sources": 0,
          "num-virtual-dispatch-locations": 0
        },
        {
          "LVSA-duration": 0.00107555,
          "LVSA-num-fixpoint-steps": 50,
          "LVSA-num-processed-rules-of-used-callee-summaries": 3,
          "LVSA-num-uses-of-callee-summaries": 6,
          "TA-duration": 0.0136233,
          "TA-num-fixpoint-steps": 50,
          "TA-num-processed-rules-of-used-callee-summaries": 11,
          "TA-num-rules-in-domain": 264,
          "TA-num-rules-in-input": 4,
          "TA-num-rules-in-output": 6,
          "TA-num-uses-of-callee-summaries": 6,
          "TA-num-uses-of-own-summary": 0,
          "function-name": "java::AssignmentAction.doUpload_all:(LRunData;)V",
          "num-DEAD-statements": 16,
          "num-GOTO-unconditional-statements": 0,
          "num-NONDET-calls": 0,
          "num-SKIP-statements": 0,
          "num-StringBuilder-locations": 0,
          "num-auxiliary-locations": 33,
          "num-decl-axiliary-assigns": 6,
          "num-decl-axiliary-vars": 33,
          "num-decl-locations": 11,
          "num-locations": 50,
          "num-taint-sanitisers": 0,
          "num-taint-sinks": 0,
          "num-taint-sources": 0,
          "num-virtual-dispatch-locations": 0
        },
        {
          "LVSA-duration": 0.000354668,
          "LVSA-num-fixpoint-steps": 10,
          "LVSA-num-processed-rules-of-used-callee-summaries": 1,
          "LVSA-num-uses-of-callee-summaries": 1,
          "TA-duration": 0.000555139,
          "TA-num-fixpoint-steps": 10,
          "TA-num-processed-rules-of-used-callee-summaries": 0,
          "TA-num-rules-in-domain": 0,
          "TA-num-rules-in-input": 0,
          "TA-num-rules-in-output": 0,
          "TA-num-uses-of-callee-summaries": 1,
          "TA-num-uses-of-own-summary": 1,
          "function-name": "java::AssignmentAction.editSubmission:()LAssignmentSubmissionEdit;",
          "num-DEAD-statements": 3,
          "num-GOTO-unconditional-statements": 0,
          "num-NONDET-calls": 0,
          "num-SKIP-statements": 0,
          "num-StringBuilder-locations": 0,
          "num-auxiliary-locations": 7,
          "num-decl-axiliary-assigns": 2,
          "num-decl-axiliary-vars": 7,
          "num-decl-locations": 2,
          "num-locations": 10,
          "num-taint-sanitisers": 0,
          "num-taint-sinks": 0,
          "num-taint-sources": 0,
          "num-virtual-dispatch-locations": 0
        },
        {
          "LVSA-duration": 0.000308345,
          "LVSA-num-fixpoint-steps": 7,
          "LVSA-num-processed-rules-of-used-callee-summaries": 0,
          "LVSA-num-uses-of-callee-summaries": 1,
          "TA-duration": 0.00181024,
          "TA-num-fixpoint-steps": 7,
          "TA-num-processed-rules-of-used-callee-summaries": 8,
          "TA-num-rules-in-domain": 38,
          "TA-num-rules-in-input": 3,
          "TA-num-rules-in-output": 5,
          "TA-num-uses-of-callee-summaries": 1,
          "TA-num-uses-of-own-summary": 1,
          "function-name": "java::AssignmentAction.getBodyTextFromZipHtml:(Ljava/io/InputStream;Z)Ljava/lang/String;",
          "num-DEAD-statements": 2,
          "num-GOTO-unconditional-statements": 0,
          "num-NONDET-calls": 0,
          "num-SKIP-statements": 0,
          "num-StringBuilder-locations": 0,
          "num-auxiliary-locations": 5,
          "num-decl-axiliary-assigns": 2,
          "num-decl-axiliary-vars": 5,
          "num-decl-locations": 1,
          "num-locations": 7,
          "num-taint-sanitisers": 0,
          "num-taint-sinks": 0,
          "num-taint-sources": 0,
          "num-virtual-dispatch-locations": 0
        },
        {
          "LVSA-duration": 0.00119309,
          "LVSA-num-fixpoint-steps": 50,
          "LVSA-num-processed-rules-of-used-callee-summaries": 0,
          "LVSA-num-uses-of-callee-summaries": 2,
          "TA-duration": 0.0115248,
          "TA-num-fixpoint-steps": 50,
          "TA-num-processed-rules-of-used-callee-summaries": 5,
          "TA-num-rules-in-domain": 233,
          "TA-num-rules-in-input": 3,
          "TA-num-rules-in-output": 5,
          "TA-num-uses-of-callee-summaries": 2,
          "TA-num-uses-of-own-summary": 1,
          "function-name": "java::AssignmentAction.readIntoString:(Ljava/io/InputStream;)Ljava/lang/String;",
          "num-DEAD-statements": 12,
          "num-GOTO-unconditional-statements": 1,
          "num-NONDET-calls": 3,
          "num-SKIP-statements": 0,
          "num-StringBuilder-locations": 4,
          "num-auxiliary-locations": 36,
          "num-decl-axiliary-assigns": 9,
          "num-decl-axiliary-vars": 36,
          "num-decl-locations": 10,
          "num-locations": 50,
          "num-taint-sanitisers": 0,
          "num-taint-sinks": 0,
          "num-taint-sources": 0,
          "num-virtual-dispatch-locations": 1
        },
        {
          "LVSA-duration": 0.000455408,
          "LVSA-num-fixpoint-steps": 22,
          "LVSA-num-processed-rules-of-used-callee-summaries": 0,
          "LVSA-num-uses-of-callee-summaries": 1,
          "TA-duration": 0.00624785,
          "TA-num-fixpoint-steps": 22,
          "TA-num-processed-rules-of-used-callee-summaries": 8,
          "TA-num-rules-in-domain": 152,
          "TA-num-rules-in-input": 4,
          "TA-num-rules-in-output": 6,
          "TA-num-uses-of-callee-summaries": 1,
          "TA-num-uses-of-own-summary": 1,
          "function-name": "java::AssignmentAction.uploadAll_parseZipFile:(Ljava/io/InputStream;Ljava/util/HashMap;)Ljava/util/HashMap;",
          "num-DEAD-statements": 6,
          "num-GOTO-unconditional-statements": 0,
          "num-NONDET-calls": 1,
          "num-SKIP-statements": 0,
          "num-StringBuilder-locations": 0,
          "num-auxiliary-locations": 15,
          "num-decl-axiliary-assigns": 4,
          "num-decl-axiliary-vars": 15,
          "num-decl-locations": 5,
          "num-locations": 22,
          "num-taint-sanitisers": 0,
          "num-taint-sinks": 0,
          "num-taint-sources": 0,
          "num-virtual-dispatch-locations": 0
        },
        {
          "LVSA-duration": 0.000517651,
          "LVSA-num-fixpoint-steps": 25,
          "LVSA-num-processed-rules-of-used-callee-summaries": 1,
          "LVSA-num-uses-of-callee-summaries": 2,
          "TA-duration": 0.00298736,
          "TA-num-fixpoint-steps": 25,
          "TA-num-processed-rules-of-used-callee-summaries": 1,
          "TA-num-rules-in-domain": 32,
          "TA-num-rules-in-input": 1,
          "TA-num-rules-in-output": 0,
          "TA-num-uses-of-callee-summaries": 2,
          "TA-num-uses-of-own-summary": 1,
          "function-name": "java::AssignmentAction.uploadAll_updateSubmissions:(Ljava/util/HashMap;Ljava/util/List;)V",
          "num-DEAD-statements": 5,
          "num-GOTO-unconditional-statements": 3,
          "num-NONDET-calls": 1,
          "num-SKIP-statements": 1,
          "num-StringBuilder-locations": 0,
          "num-auxiliary-locations": 16,
          "num-decl-axiliary-assigns": 3,
          "num-decl-axiliary-vars": 16,
          "num-decl-locations": 3,
          "num-locations": 25,
          "num-taint-sanitisers": 0,
          "num-taint-sinks": 0,
          "num-taint-sources": 0,
          "num-virtual-dispatch-locations": 1
        }
      ]
    },
    {
      "file-name": "AssignmentService.java",
      "functions": [
        {
          "LVSA-duration": 0.000532963,
          "LVSA-num-fixpoint-steps": 11,
          "LVSA-num-processed-rules-of-used-callee-summaries": 0,
          "LVSA-num-uses-of-callee-summaries": 1,
          "TA-duration": 0.000921803,
          "TA-num-fixpoint-steps": 11,
          "TA-num-processed-rules-of-used-callee-summaries": 0,
          "TA-num-rules-in-domain": 0,
          "TA-num-rules-in-input": 0,
          "TA-num-rules-in-output": 0,
          "TA-num-uses-of-callee-summaries": 1,
          "TA-num-uses-of-own-summary": 1,
          "function-name": "java::AssignmentService.editSubmission:(Ljava/lang/String;)LAssignmentSubmissionEdit;",
          "num-DEAD-statements": 1,
          "num-GOTO-unconditional-statements": 1,
          "num-NONDET-calls": 0,
          "num-SKIP-statements": 1,
          "num-StringBuilder-locations": 0,
          "num-auxiliary-locations": 7,
          "num-decl-axiliary-assigns": 3,
          "num-decl-axiliary-vars": 7,
          "num-decl-locations": 1,
          "num-locations": 11,
          "num-taint-sanitisers": 0,
          "num-taint-sinks": 0,
          "num-taint-sources": 0,
          "num-virtual-dispatch-locations": 0
        },
        {
          "LVSA-duration": 0.000556623,
          "LVSA-num-fixpoint-steps": 7,
          "LVSA-num-processed-rules-of-used-callee-summaries": 0,
          "LVSA-num-uses-of-callee-summaries": 0,
          "TA-duration": 0.000621589,
          "TA-num-fixpoint-steps": 7,
          "TA-num-processed-rules-of-used-callee-summaries": 0,
          "TA-num-rules-in-domain": 0,
          "TA-num-rules-in-input": 0,
          "TA-num-rules-in-output": 0,
          "TA-num-uses-of-callee-summaries": 0,
          "TA-num-uses-of-own-summary": 1,
          "function-name": "java::AssignmentService.getSubmissions:(Ljava/lang/String;)Ljava/util/List;",
          "num-DEAD-statements": 1,
          "num-GOTO-unconditional-statements": 0,
          "num-NONDET-calls": 0,
          "num-SKIP-statements": 0,
          "num-StringBuilder-locations": 0,
          "num-auxiliary-locations": 4,
          "num-decl-axiliary-assigns": 2,
          "num-decl-axiliary-vars": 4,
          "num-decl-locations": 1,
          "num-locations": 7,
          "num-taint-sanitisers": 0,
          "num-taint-sinks": 0,
          "num-taint-sources": 0,
          "num-virtual-dispatch-locations": 0
        }
      ]
    },
    {
      "file-name": "DummyAssignmentSubmissionEdit.java",
      "functions": [
        {
          "LVSA-duration": 0.000262726,
          "LVSA-num-fixpoint-steps": 2,
          "LVSA-num-processed-rules-of-used-callee-summaries": 0,
          "LVSA-num-uses-of-callee-summaries": 0,
          "TA-duration": 4.8931e-05,
          "TA-num-fixpoint-steps": 2,
          "TA-num-processed-rules-of-used-callee-summaries": 0,
          "TA-num-rules-in-domain": 0,
          "TA-num-rules-in-input": 0,
          "TA-num-rules-in-output": 0,
          "TA-num-uses-of-callee-summaries": 0,
          "TA-num-uses-of-own-summary": 1,
          "function-name": "java::DummyAssignmentSubmissionEdit.<init>:()V",
          "num-DEAD-statements": 0,
          "num-GOTO-unconditional-statements": 0,
          "num-NONDET-calls": 0,
          "num-SKIP-statements": 0,
          "num-StringBuilder-locations": 0,
          "num-auxiliary-locations": 0,
          "num-decl-axiliary-assigns": 0,
          "num-decl-axiliary-vars": 0,
          "num-decl-locations": 0,
          "num-locations": 2,
          "num-taint-sanitisers": 0,
          "num-taint-sinks": 0,
          "num-taint-sources": 0,
          "num-virtual-dispatch-locations": 0
        },
        {
          "LVSA-duration": 0.000204812,
          "LVSA-num-fixpoint-steps": 8,
          "LVSA-num-processed-rules-of-used-callee-summaries": 0,
          "LVSA-num-uses-of-callee-summaries": 2,
          "TA-duration": 0.00100718,
          "TA-num-fixpoint-steps": 8,
          "TA-num-processed-rules-of-used-callee-summaries": 2,
          "TA-num-rules-in-domain": 14,
          "TA-num-rules-in-input": 1,
          "TA-num-rules-in-output": 0,
          "TA-num-uses-of-callee-summaries": 2,
          "TA-num-uses-of-own-summary": 1,
          "function-name": "java::DummyAssignmentSubmissionEdit.setSubmittedText:(Ljava/lang/String;)V",
          "num-DEAD-statements": 2,
          "num-GOTO-unconditional-statements": 0,
          "num-NONDET-calls": 0,
          "num-SKIP-statements": 0,
          "num-StringBuilder-locations": 0,
          "num-auxiliary-locations": 4,
          "num-decl-axiliary-assigns": 1,
          "num-decl-axiliary-vars": 4,
          "num-decl-locations": 1,
          "num-locations": 8,
          "num-taint-sanitisers": 0,
          "num-taint-sinks": 1,
          "num-taint-sources": 0,
          "num-virtual-dispatch-locations": 0
        }
      ]
    },
    {
      "file-name": "FileItem.java",
      "functions": [
        {
          "LVSA-duration": 0.000105065,
          "LVSA-num-fixpoint-steps": 2,
          "LVSA-num-processed-rules-of-used-callee-summaries": 0,
          "LVSA-num-uses-of-callee-summaries": 0,
          "TA-duration": 4.5116e-05,
          "TA-num-fixpoint-steps": 2,
          "TA-num-processed-rules-of-used-callee-summaries": 0,
          "TA-num-rules-in-domain": 0,
          "TA-num-rules-in-input": 0,
          "TA-num-rules-in-output": 0,
          "TA-num-uses-of-callee-summaries": 0,
          "TA-num-uses-of-own-summary": 1,
          "function-name": "java::FileItem.<init>:()V",
          "num-DEAD-statements": 0,
          "num-GOTO-unconditional-statements": 0,
          "num-NONDET-calls": 0,
          "num-SKIP-statements": 0,
          "num-StringBuilder-locations": 0,
          "num-auxiliary-locations": 0,
          "num-decl-axiliary-assigns": 0,
          "num-decl-axiliary-vars": 0,
          "num-decl-locations": 0,
          "num-locations": 2,
          "num-taint-sanitisers": 0,
          "num-taint-sinks": 0,
          "num-taint-sources": 0,
          "num-virtual-dispatch-locations": 0
        },
        {
          "LVSA-duration": 0.000236837,
          "LVSA-num-fixpoint-steps": 7,
          "LVSA-num-processed-rules-of-used-callee-summaries": 0,
          "LVSA-num-uses-of-callee-summaries": 1,
          "TA-duration": 0.000764766,
          "TA-num-fixpoint-steps": 7,
          "TA-num-processed-rules-of-used-callee-summaries": 0,
          "TA-num-rules-in-domain": 0,
          "TA-num-rules-in-input": 0,
          "TA-num-rules-in-output": 0,
          "TA-num-uses-of-callee-summaries": 1,
          "TA-num-uses-of-own-summary": 1,
          "function-name": "java::FileItem.getInputStream:()Ljava/io/InputStream;",
          "num-DEAD-statements": 1,
          "num-GOTO-unconditional-statements": 0,
          "num-NONDET-calls": 0,
          "num-SKIP-statements": 0,
          "num-StringBuilder-locations": 0,
          "num-auxiliary-locations": 4,
          "num-decl-axiliary-assigns": 2,
          "num-decl-axiliary-vars": 4,
          "num-decl-locations": 1,
          "num-locations": 7,
          "num-taint-sanitisers": 0,
          "num-taint-sinks": 0,
          "num-taint-sources": 0,
          "num-virtual-dispatch-locations": 0
        }
      ]
    },
    {
      "file-name": "ParameterParser.java",
      "functions": [
        {
          "LVSA-duration": 0.000196888,
          "LVSA-num-fixpoint-steps": 2,
          "LVSA-num-processed-rules-of-used-callee-summaries": 0,
          "LVSA-num-uses-of-callee-summaries": 0,
          "TA-duration": 8.6453e-05,
          "TA-num-fixpoint-steps": 2,
          "TA-num-processed-rules-of-used-callee-summaries": 0,
          "TA-num-rules-in-domain": 0,
          "TA-num-rules-in-input": 0,
          "TA-num-rules-in-output": 0,
          "TA-num-uses-of-callee-summaries": 0,
          "TA-num-uses-of-own-summary": 1,
          "function-name": "java::ParameterParser.<init>:()V",
          "num-DEAD-statements": 0,
          "num-GOTO-unconditional-statements": 0,
          "num-NONDET-calls": 0,
          "num-SKIP-statements": 0,
          "num-StringBuilder-locations": 0,
          "num-auxiliary-locations": 0,
          "num-decl-axiliary-assigns": 0,
          "num-decl-axiliary-vars": 0,
          "num-decl-locations": 0,
          "num-locations": 2,
          "num-taint-sanitisers": 0,
          "num-taint-sinks": 0,
          "num-taint-sources": 0,
          "num-virtual-dispatch-locations": 0
        },
        {
          "LVSA-duration": 0.000414927,
          "LVSA-num-fixpoint-steps": 7,
          "LVSA-num-processed-rules-of-used-callee-summaries": 0,
          "LVSA-num-uses-of-callee-summaries": 1,
          "TA-duration": 0.000882857,
          "TA-num-fixpoint-steps": 7,
          "TA-num-processed-rules-of-used-callee-summaries": 0,
          "TA-num-rules-in-domain": 0,
          "TA-num-rules-in-input": 0,
          "TA-num-rules-in-output": 0,
          "TA-num-uses-of-callee-summaries": 1,
          "TA-num-uses-of-own-summary": 1,
          "function-name": "java::ParameterParser.getFileItem:(Ljava/lang/String;)LFileItem;",
          "num-DEAD-statements": 1,
          "num-GOTO-unconditional-statements": 0,
          "num-NONDET-calls": 0,
          "num-SKIP-statements": 0,
          "num-StringBuilder-locations": 0,
          "num-auxiliary-locations": 4,
          "num-decl-axiliary-assigns": 2,
          "num-decl-axiliary-vars": 4,
          "num-decl-locations": 1,
          "num-locations": 7,
          "num-taint-sanitisers": 0,
          "num-taint-sinks": 0,
          "num-taint-sources": 0,
          "num-virtual-dispatch-locations": 0
        }
      ]
    },
    {
      "file-name": "RunData.java",
      "functions": [
        {
          "LVSA-duration": 0.000643858,
          "LVSA-num-fixpoint-steps": 7,
          "LVSA-num-processed-rules-of-used-callee-summaries": 0,
          "LVSA-num-uses-of-callee-summaries": 1,
          "TA-duration": 0.000805108,
          "TA-num-fixpoint-steps": 7,
          "TA-num-processed-rules-of-used-callee-summaries": 0,
          "TA-num-rules-in-domain": 0,
          "TA-num-rules-in-input": 0,
          "TA-num-rules-in-output": 0,
          "TA-num-uses-of-callee-summaries": 1,
          "TA-num-uses-of-own-summary": 1,
          "function-name": "java::RunData.getParameters:()LParameterParser;",
          "num-DEAD-statements": 1,
          "num-GOTO-unconditional-statements": 0,
          "num-NONDET-calls": 0,
          "num-SKIP-statements": 0,
          "num-StringBuilder-locations": 0,
          "num-auxiliary-locations": 4,
          "num-decl-axiliary-assigns": 2,
          "num-decl-axiliary-vars": 4,
          "num-decl-locations": 1,
          "num-locations": 7,
          "num-taint-sanitisers": 0,
          "num-taint-sinks": 0,
          "num-taint-sources": 0,
          "num-virtual-dispatch-locations": 0
        }
      ]
    },
    {
      "file-name": "TaintSink.java",
      "functions": [
        {
          "LVSA-duration": 0.000165974,
          "LVSA-num-fixpoint-steps": 2,
          "LVSA-num-processed-rules-of-used-callee-summaries": 0,
          "LVSA-num-uses-of-callee-summaries": 0,
          "TA-duration": 1.1447e-05,
          "TA-num-fixpoint-steps": 2,
          "TA-num-processed-rules-of-used-callee-summaries": 0,
          "TA-num-rules-in-domain": 0,
          "TA-num-rules-in-input": 0,
          "TA-num-rules-in-output": 0,
          "TA-num-uses-of-callee-summaries": 0,
          "TA-num-uses-of-own-summary": 1,
          "function-name": "java::TaintSink.receive_taint:(C)V",
          "num-DEAD-statements": 0,
          "num-GOTO-unconditional-statements": 1,
          "num-NONDET-calls": 0,
          "num-SKIP-statements": 0,
          "num-StringBuilder-locations": 0,
          "num-auxiliary-locations": 1,
          "num-decl-axiliary-assigns": 0,
          "num-decl-axiliary-vars": 1,
          "num-decl-locations": 0,
          "num-locations": 2,
          "num-taint-sanitisers": 0,
          "num-taint-sinks": 0,
          "num-taint-sources": 0,
          "num-virtual-dispatch-locations": 0
        }
      ]
    },
    {
      "file-name": "TaintSource.java",
      "functions": [
        {
          "LVSA-duration": 0.000143149,
          "LVSA-num-fixpoint-steps": 3,
          "LVSA-num-processed-rules-of-used-callee-summaries": 0,
          "LVSA-num-uses-of-callee-summaries": 0,
          "TA-duration": 0.000255374,
          "TA-num-fixpoint-steps": 3,
          "TA-num-processed-rules-of-used-callee-summaries": 0,
          "TA-num-rules-in-domain": 5,
          "TA-num-rules-in-input": 1,
          "TA-num-rules-in-output": 1,
          "TA-num-uses-of-callee-summaries": 0,
          "TA-num-uses-of-own-summary": 1,
          "function-name": "java::TaintSource.get_tainted_int:()I",
          "num-DEAD-statements": 0,
          "num-GOTO-unconditional-statements": 1,
          "num-NONDET-calls": 0,
          "num-SKIP-statements": 0,
          "num-StringBuilder-locations": 0,
          "num-auxiliary-locations": 2,
          "num-decl-axiliary-assigns": 1,
          "num-decl-axiliary-vars": 2,
          "num-decl-locations": 0,
          "num-locations": 3,
          "num-taint-sanitisers": 0,
          "num-taint-sinks": 0,
          "num-taint-sources": 0,
          "num-virtual-dispatch-locations": 0
        }
      ]
    },
    {
      "file-name": "TaintedInputStream.java",
      "functions": [
        {
          "LVSA-duration": 0.000116206,
          "LVSA-num-fixpoint-steps": 2,
          "LVSA-num-processed-rules-of-used-callee-summaries": 0,
          "LVSA-num-uses-of-callee-summaries": 0,
          "TA-duration": 5.2578e-05,
          "TA-num-fixpoint-steps": 2,
          "TA-num-processed-rules-of-used-callee-summaries": 0,
          "TA-num-rules-in-domain": 0,
          "TA-num-rules-in-input": 0,
          "TA-num-rules-in-output": 0,
          "TA-num-uses-of-callee-summaries": 0,
          "TA-num-uses-of-own-summary": 1,
          "function-name": "java::TaintedInputStream.<init>:()V",
          "num-DEAD-statements": 0,
          "num-GOTO-unconditional-statements": 0,
          "num-NONDET-calls": 0,
          "num-SKIP-statements": 0,
          "num-StringBuilder-locations": 0,
          "num-auxiliary-locations": 0,
          "num-decl-axiliary-assigns": 0,
          "num-decl-axiliary-vars": 0,
          "num-decl-locations": 0,
          "num-locations": 2,
          "num-taint-sanitisers": 0,
          "num-taint-sinks": 0,
          "num-taint-sources": 0,
          "num-virtual-dispatch-locations": 0
        },
        {
          "LVSA-duration": 0.000255041,
          "LVSA-num-fixpoint-steps": 11,
          "LVSA-num-processed-rules-of-used-callee-summaries": 0,
          "LVSA-num-uses-of-callee-summaries": 1,
          "TA-duration": 0.00177162,
          "TA-num-fixpoint-steps": 11,
          "TA-num-processed-rules-of-used-callee-summaries": 2,
          "TA-num-rules-in-domain": 31,
          "TA-num-rules-in-input": 2,
          "TA-num-rules-in-output": 1,
          "TA-num-uses-of-callee-summaries": 1,
          "TA-num-uses-of-own-summary": 1,
          "function-name": "java::TaintedInputStream.read:([BII)I",
          "num-DEAD-statements": 2,
          "num-GOTO-unconditional-statements": 0,
          "num-NONDET-calls": 0,
          "num-SKIP-statements": 0,
          "num-StringBuilder-locations": 0,
          "num-auxiliary-locations": 5,
          "num-decl-axiliary-assigns": 2,
          "num-decl-axiliary-vars": 5,
          "num-decl-locations": 1,
          "num-locations": 11,
          "num-taint-sanitisers": 0,
          "num-taint-sinks": 0,
          "num-taint-sources": 1,
          "num-virtual-dispatch-locations": 0
        }
      ]
    },
    {
      "file-name": "java/lang/String.java",
      "functions": [
        {
          "LVSA-duration": 0.000259249,
          "LVSA-num-fixpoint-steps": 8,
          "LVSA-num-processed-rules-of-used-callee-summaries": 0,
          "LVSA-num-uses-of-callee-summaries": 1,
          "TA-duration": 0.00117877,
          "TA-num-fixpoint-steps": 8,
          "TA-num-processed-rules-of-used-callee-summaries": 0,
          "TA-num-rules-in-domain": 10,
          "TA-num-rules-in-input": 1,
          "TA-num-rules-in-output": 1,
          "TA-num-uses-of-callee-summaries": 1,
          "TA-num-uses-of-own-summary": 1,
          "function-name": "java::java.lang.String.<init>:([BII)V",
          "num-DEAD-statements": 1,
          "num-GOTO-unconditional-statements": 0,
          "num-NONDET-calls": 1,
          "num-SKIP-statements": 0,
          "num-StringBuilder-locations": 0,
          "num-auxiliary-locations": 3,
          "num-decl-axiliary-assigns": 1,
          "num-decl-axiliary-vars": 3,
          "num-decl-locations": 1,
          "num-locations": 8,
          "num-taint-sanitisers": 0,
          "num-taint-sinks": 0,
          "num-taint-sources": 0,
          "num-virtual-dispatch-locations": 0
        },
        {
          "LVSA-duration": 0.000381622,
          "LVSA-num-fixpoint-steps": 14,
          "LVSA-num-processed-rules-of-used-callee-summaries": 0,
          "LVSA-num-uses-of-callee-summaries": 0,
          "TA-duration": 0.00215563,
          "TA-num-fixpoint-steps": 14,
          "TA-num-processed-rules-of-used-callee-summaries": 0,
          "TA-num-rules-in-domain": 15,
          "TA-num-rules-in-input": 1,
          "TA-num-rules-in-output": 1,
          "TA-num-uses-of-callee-summaries": 0,
          "TA-num-uses-of-own-summary": 1,
          "function-name": "java::java.lang.String.charAt:(I)C",
          "num-DEAD-statements": 1,
          "num-GOTO-unconditional-statements": 0,
          "num-NONDET-calls": 0,
          "num-SKIP-statements": 2,
          "num-StringBuilder-locations": 0,
          "num-auxiliary-locations": 6,
          "num-decl-axiliary-assigns": 2,
          "num-decl-axiliary-vars": 6,
          "num-decl-locations": 1,
          "num-locations": 14,
          "num-taint-sanitisers": 0,
          "num-taint-sinks": 0,
          "num-taint-sources": 0,
          "num-virtual-dispatch-locations": 0
        },
        {
          "LVSA-duration": 0.000445942,
          "LVSA-num-fixpoint-steps": 26,
          "LVSA-num-processed-rules-of-used-callee-summaries": 0,
          "LVSA-num-uses-of-callee-summaries": 0,
          "TA-duration": 0.00187144,
          "TA-num-fixpoint-steps": 26,
          "TA-num-processed-rules-of-used-callee-summaries": 0,
          "TA-num-rules-in-domain": 0,
          "TA-num-rules-in-input": 0,
          "TA-num-rules-in-output": 0,
          "TA-num-uses-of-callee-summaries": 0,
          "TA-num-uses-of-own-summary": 1,
          "function-name": "java::java.lang.String.checkBounds:([BII)V",
          "num-DEAD-statements": 3,
          "num-GOTO-unconditional-statements": 1,
          "num-NONDET-calls": 0,
          "num-SKIP-statements": 3,
          "num-StringBuilder-locations": 0,
          "num-auxiliary-locations": 13,
          "num-decl-axiliary-assigns": 3,
          "num-decl-axiliary-vars": 13,
          "num-decl-locations": 3,
          "num-locations": 26,
          "num-taint-sanitisers": 0,
          "num-taint-sinks": 0,
          "num-taint-sources": 0,
          "num-virtual-dispatch-locations": 0
        }
      ]
    }
  ],
  "table-phases": {
    "LVSA-load-database": 0.00148684,
    "LVSA-run-time": 0.00902225,
    "TA-load-database": 0.00133942,
    "TA-run-time": 0.0492723,
    "TA-summary-save-in-HTML": 0.0467973,
    "TA-summary-save-in-JSON": 0,
    "call-graph-build": 0.000139018,
    "error-traces-recognition": 0.00797753,
    "error-traces-save-in-HTML": 0.00517876,
    "error-traces-save-in-JSON": 0.00517876,
    "goto-program-building": 0.0502124,
    "goto-program-info-search": 0.000390705,
    "goto-program-instrumentation": 0.00140622
  }
}